LotArea,Neighborhood,HouseStyle,OverallCond,YearBuilt,Exterior1st,GarageCars,TotRmsAbvGrd,SaleType,MSZoning,SalePrice
8450,CollgCr,2Story,5,2003,VinylSd,2,8,WD,RL,208500
9600,Veenker,1Story,8,1976,MetalSd,2,6,WD,RL,181500
11250,CollgCr,2Story,5,2001,VinylSd,2,6,WD,RL,223500
14260,NoRidge,2Story,5,2000,VinylSd,3,9,WD,RL,250000
14115,Mitchel,1.5Fin,5,1993,VinylSd,2,5,WD,RL,143000
10084,Somerst,1Story,5,2004,VinylSd,2,7,WD,RL,307000
10382,NWAmes,2Story,6,1973,HdBoard,2,7,WD,RL,200000
6120,OldTown,1.5Fin,5,1931,BrkFace,2,8,WD,RM,129900
7420,BrkSide,1.5Unf,6,1939,MetalSd,1,5,WD,RL,118000
11200,Sawyer,1Story,5,1965,HdBoard,1,5,WD,RL,129500
11924,NridgHt,2Story,5,2005,WdShing,3,11,New,RL,345000
10652,CollgCr,1Story,5,2006,VinylSd,3,7,New,RL,279500
11241,NAmes,1Story,7,1970,Wd Sdng,2,5,WD,RL,149000
10791,Sawyer,1Story,5,1967,MetalSd,2,6,WD,RL,90000
13695,SawyerW,1Story,5,2004,VinylSd,2,6,WD,RL,159000
7560,NAmes,1Story,6,1958,BrkFace,1,6,COD,RL,139000
14215,NridgHt,2Story,5,2005,VinylSd,3,9,New,RL,325300
9742,CollgCr,1Story,5,2002,VinylSd,2,7,WD,RL,230000
4224,MeadowV,1Story,7,1976,CemntBd,2,6,WD,RM,129900
8246,Sawyer,1Story,8,1968,Plywood,1,6,WD,RL,154000
14230,NridgHt,1Story,5,2007,VinylSd,3,7,WD,RL,256300
16321,NAmes,1Story,6,1957,MetalSd,1,6,WD,RL,207500
6324,BrkSide,1Story,6,1927,MetalSd,1,4,WD,RM,68500
8500,IDOTRR,2Story,4,1920,BrkFace,1,6,WD,C (all),40000
8544,Sawyer,1Story,6,1966,HdBoard,1,6,WD,RL,149350
11049,CollgCr,1Story,5,2007,VinylSd,2,7,WD,RL,179900
10552,NAmes,1Story,5,1959,BrkFace,2,6,WD,RL,165500
10859,CollgCr,1Story,5,1994,VinylSd,2,6,WD,RL,145000
8532,NAmes,1Story,6,1954,Wd Sdng,2,5,WD,RL,153000
6040,Edwards,1Story,5,1955,AsbShng,0,6,WD,RL,82000
8658,NAmes,1Story,5,1965,Wd Sdng,2,6,WD,RL,160000
16905,Timber,1Story,6,1959,VinylSd,1,5,WD,RL,170000
9200,CollgCr,1Story,6,1975,VinylSd,1,5,WD,RL,130250
7945,NAmes,1Story,6,1959,BrkFace,1,6,WD,RL,141000
12822,Mitchel,1.5Fin,5,2003,VinylSd,2,6,WD,RL,239686
7742,Sawyer,1Story,7,1966,HdBoard,1,6,WD,RL,127000
13869,Gilbert,2Story,6,1997,VinylSd,2,6,WD,RL,177000
8472,IDOTRR,1Story,5,1963,Wd Sdng,2,5,WD,RM,110000
50271,Veenker,1Story,5,1981,WdShing,3,5,WD,RL,385000
7134,NAmes,SLvl,5,1955,MetalSd,2,6,WD,RL,130000
2645,Somerst,2Story,5,1999,MetalSd,2,7,WD,FV,172500
11645,CollgCr,2Story,5,2004,VinylSd,2,7,WD,RL,196500
13682,StoneBr,2Story,5,2006,VinylSd,3,10,New,RL,438780
7200,IDOTRR,2.5Unf,7,1920,MetalSd,1,6,WD,RM,101000
10300,OldTown,2Story,6,1921,Stucco,2,9,WD,RM,140000
9375,CollgCr,2Story,5,1997,VinylSd,2,8,WD,RL,219500
9591,NridgHt,2Story,5,2004,VinylSd,3,9,WD,RL,317000
19900,NAmes,1Story,5,1970,Plywood,2,7,WD,RL,180000
10665,CollgCr,1Story,5,2003,VinylSd,2,7,WD,RL,226000
15593,ClearCr,1.5Fin,4,1953,BrkFace,2,7,WD,RL,225000
13651,NAmes,1Story,6,1973,Plywood,2,8,WD,RL,244000
7599,Mitchel,1Story,6,1982,HdBoard,2,4,WD,RL,129500
10141,Gilbert,2Story,5,1998,VinylSd,2,7,WD,RL,185000
10200,NAmes,1Story,7,1954,Wd Sdng,2,6,WD,RL,144900
10440,OldTown,2Story,6,1910,Wd Sdng,2,5,WD,RM,110000
13000,NAmes,2Story,6,1968,VinylSd,1,8,WD,RL,193500
4500,Mitchel,1Story,5,1998,VinylSd,2,5,WD,RM,153500
8892,NAmes,1Story,5,1960,MetalSd,2,6,COD,RL,126500
8530,Gilbert,SLvl,5,1995,HdBoard,2,7,WD,RL,168500
16059,NoRidge,2Story,5,1991,HdBoard,2,9,WD,RL,260000
3951,Somerst,2Story,5,2009,VinylSd,2,4,New,FV,164500
8470,IDOTRR,1.5Fin,2,1915,Plywood,0,6,ConLD,C (all),85000
8070,CollgCr,1Story,5,1994,VinylSd,0,5,WD,RL,123600
7200,NAmes,1Story,5,1950,BrkFace,2,4,WD,RL,109900
8500,NAmes,1Story,3,1961,HdBoard,2,6,WD,RL,98600
7200,OldTown,2.5Unf,6,1910,MetalSd,2,9,WD,C (all),133900
9765,Gilbert,2Story,8,1993,VinylSd,2,6,WD,RL,185000
10264,CollgCr,1Story,5,1999,VinylSd,2,6,WD,RL,214000
10625,Edwards,1Story,5,1920,Wd Sdng,1,5,COD,RL,83000
10603,NWAmes,1Story,7,1977,Plywood,2,6,WD,RL,205000
9206,SawyerW,2Story,5,1985,HdBoard,2,7,WD,RL,178000
7018,SawyerW,1Story,5,1979,HdBoard,2,8,WD,RL,118964
10402,CollgCr,1Story,5,2009,VinylSd,3,6,WD,RL,198900
7758,IDOTRR,1.5Fin,4,1931,Stucco,1,7,WD,RM,169500
9375,Somerst,2Story,5,2003,VinylSd,2,9,WD,FV,250000
10800,OldTown,1Story,7,1885,VinylSd,1,6,WD,RM,100000
6000,OldTown,1Story,5,1948,VinylSd,1,5,WD,RM,115000
8500,IDOTRR,1.5Fin,7,1919,CemntBd,0,7,WD,RM,115000
9525,Edwards,1.5Fin,4,1954,Wd Sdng,1,7,WD,RL,136900
7750,Gilbert,SLvl,5,2000,VinylSd,2,7,WD,RL,180000
21000,Crawfor,1Story,5,1953,Wd Sdng,2,7,COD,RL,217000
7259,Crawfor,2Story,8,1945,Wd Sdng,1,9,WD,RL,259500
11616,Sawyer,1Story,5,1962,Wd Sdng,1,6,WD,RL,139000
12376,SawyerW,2Story,5,1990,Plywood,3,11,WD,RL,320000
8461,CollgCr,2Story,5,2005,VinylSd,2,8,New,RL,163990
21453,ClearCr,SLvl,5,1969,Plywood,2,4,WD,RL,180000
6060,IDOTRR,1.5Fin,5,1939,AsbShng,1,4,WD,RM,100000
7892,SawyerW,1Story,5,1993,Plywood,2,5,WD,RL,153900
6780,IDOTRR,1.5Fin,8,1935,Wd Sdng,0,5,WD,RM,84500
8973,NAmes,1Story,7,1958,Plywood,2,6,WD,RL,150000
14200,NAmes,2Story,6,1966,MetalSd,2,8,WD,RL,226000
6853,Timber,1Story,5,2001,VinylSd,2,6,WD,RL,220000
10335,Sawyer,1Story,6,1968,Plywood,2,7,WD,RL,180000
10400,NWAmes,1Story,6,1970,Plywood,2,7,WD,RL,174000
10355,NAmes,1Story,5,1967,MetalSd,1,5,WD,RL,143000
9066,CollgCr,2Story,5,1999,VinylSd,3,7,WD,RL,230000
15426,CollgCr,2Story,5,1997,VinylSd,2,7,WD,RL,231500
11645,CollgCr,1Story,5,2005,VinylSd,2,7,WD,RL,260000
10335,CollgCr,1Story,5,1999,VinylSd,2,6,WD,RL,204000
9100,Sawyer,1Story,5,1963,HdBoard,2,10,ConLI,RM,125000
2522,Edwards,2Story,5,2004,VinylSd,2,7,WD,RM,130000
7500,SawyerW,1Story,5,2004,VinylSd,0,6,WD,RL,141000
6240,BrkSide,1.5Fin,4,1936,MetalSd,1,7,WD,RM,115000
14803,NWAmes,2Story,5,1971,HdBoard,2,8,WD,RL,190000
13500,ClearCr,1Story,7,1960,BrkFace,2,4,WD,RL,235000
9600,Edwards,1.5Fin,5,1924,Wd Sdng,0,5,WD,RL,79000
12003,Timber,2Story,5,2009,VinylSd,3,8,New,RL,269500
12552,Somerst,2Story,5,2004,VinylSd,2,8,WD,FV,254900
19378,Gilbert,2Story,5,2005,VinylSd,2,9,New,RL,320000
13688,NridgHt,2Story,5,2003,VinylSd,3,10,WD,RL,412500
12182,NridgHt,1Story,5,2005,VinylSd,2,7,New,RL,220000
5500,OldTown,1.5Unf,6,1956,MetalSd,0,4,WD,RL,103200
5400,OldTown,1Story,7,1926,MetalSd,1,5,WD,RM,152000
10708,ClearCr,1Story,5,1955,Wd Sdng,1,7,COD,RL,190000
10562,NridgHt,2Story,5,2007,VinylSd,3,8,New,RL,325624
8244,Gilbert,2Story,5,2004,VinylSd,2,7,WD,RL,183500
16669,Timber,1Story,6,1981,Plywood,2,6,WD,RL,228000
12358,OldTown,1.5Fin,6,1941,MetalSd,2,7,WD,RM,128500
31770,NAmes,1Story,5,1960,BrkFace,2,7,WD,RL,215000
12416,Timber,1Story,5,1986,VinylSd,2,7,WD,RL,184000
12615,Edwards,1Story,7,1950,WdShing,2,7,WD,RL,243000
2117,Somerst,2Story,5,2000,MetalSd,2,5,WD,FV,177000
11426,OldTown,1.5Fin,5,2003,VinylSd,2,6,WD,RM,200000
7438,BrkSide,1.5Fin,8,1908,AsbShng,2,5,WD,RL,127000
22950,OldTown,2.5Fin,9,1892,Wd Sdng,3,12,WD,RM,475000
9947,Mitchel,SLvl,5,1990,HdBoard,2,6,WD,RL,173000
4923,StoneBr,1Story,5,2001,CemntBd,2,5,WD,RL,286000
10570,Crawfor,2Story,8,1932,BrkFace,2,10,WD,RL,315000
7472,NAmes,2Story,9,1972,HdBoard,2,7,WD,RL,184000
2522,Edwards,2Story,5,2004,VinylSd,2,7,WD,RM,130000
7180,CollgCr,1Story,7,1972,HdBoard,1,5,WD,RL,127000
2280,NPkVill,2Story,6,1976,Plywood,2,7,WD,RL,148500
5520,OldTown,2.5Fin,6,1912,Wd Sdng,0,8,WD,RM,104000
10125,Mitchel,1Story,6,1977,Plywood,2,6,WD,RL,171500
7000,OldTown,1.5Fin,6,1924,MetalSd,1,6,COD,RL,112000
4438,CollgCr,1Story,5,2004,VinylSd,2,3,WD,RM,149000
3500,OldTown,1.5Fin,7,1947,AsbShng,1,5,WD,RM,110000
11851,Gilbert,1Story,5,1990,HdBoard,2,5,WD,RL,180500
13673,Sawyer,1Story,5,1962,HdBoard,1,8,WD,RL,143900
12493,NAmes,1Story,5,1960,Wd Sdng,1,6,WD,RL,141000
14364,SawyerW,2Story,5,1988,Plywood,2,7,WD,RL,277000
8250,NAmes,1Story,7,1964,HdBoard,2,6,WD,RL,145000
5604,Edwards,1Story,6,1925,Stucco,0,5,WD,RL,98000
10420,Edwards,1Story,5,2009,VinylSd,2,6,WD,RL,186000
8640,Somerst,2Story,5,2009,VinylSd,2,7,New,FV,252678
10011,NAmes,1Story,6,1957,HdBoard,1,6,WD,RL,134450
8450,CollgCr,1Story,5,2004,VinylSd,2,8,WD,RL,210000
9906,OldTown,2Story,4,1925,MetalSd,1,8,WD,RM,107000
15660,Crawfor,1.5Fin,9,1939,VinylSd,2,8,WD,RL,311500
3010,Blmngtn,1Story,5,2005,VinylSd,2,5,New,RL,167240
8990,CollgCr,1Story,5,2006,VinylSd,2,5,New,RL,204900
11475,NWAmes,2Story,6,1975,VinylSd,2,6,WD,RL,179900
13472,NridgHt,1Story,5,2003,VinylSd,3,8,WD,RL,386250
1680,BrDale,2Story,5,1971,HdBoard,1,6,COD,RM,112000
8521,Sawyer,1Story,5,1967,HdBoard,1,5,WD,RL,125000
3182,Blmngtn,1Story,5,2005,VinylSd,2,7,WD,RL,192500
15138,NoRidge,2Story,5,1995,VinylSd,3,9,WD,RL,403000
1680,BrDale,2Story,5,1972,HdBoard,1,5,WD,RM,94500
10650,CollgCr,1Story,6,1976,HdBoard,1,5,WD,RL,128200
7851,Gilbert,2Story,5,2002,VinylSd,2,8,WD,RL,216500
1680,BrDale,2Story,3,1971,HdBoard,1,5,WD,RM,89500
9453,SawyerW,2Story,7,1993,HdBoard,2,7,WD,RL,194500
12030,NridgHt,1Story,5,2007,VinylSd,3,7,New,RL,318000
8741,Edwards,1.5Fin,4,1945,VinylSd,1,7,WD,RL,113000
3880,OldTown,1Story,9,1945,VinylSd,0,4,WD,RM,110500
5000,OldTown,1.5Fin,4,1900,Wd Sdng,1,6,WD,RM,79000
10762,SawyerW,2Story,6,1980,Plywood,1,6,WD,RL,120000
8880,SawyerW,2Story,5,1994,VinylSd,2,8,WD,RL,205000
9142,OldTown,2Story,8,1910,AsbShng,1,9,WD,RM,137000
11310,NAmes,1Story,5,1954,Wd Sdng,2,5,WD,RL,140000
11317,CollgCr,2Story,5,2003,VinylSd,2,8,WD,RL,180000
5350,BrkSide,1Story,2,1940,Wd Sdng,0,6,WD,RL,76500
8366,SawyerW,2Story,5,2004,VinylSd,2,6,WD,RL,173000
9350,NAmes,SLvl,7,1964,HdBoard,1,7,CWD,RL,158000
8400,NAmes,1Story,6,1957,MetalSd,1,5,WD,RL,145000
8738,Gilbert,2Story,5,1999,VinylSd,2,8,WD,RL,230000
8791,Somerst,2Story,5,2003,VinylSd,2,7,WD,FV,207500
19296,NAmes,SLvl,5,1962,Wd Sdng,2,6,WD,RL,176000
8471,Sawyer,SLvl,7,1977,HdBoard,2,6,WD,RL,151000
5500,OldTown,1.5Fin,7,1929,Wd Sdng,2,6,WD,RM,130000
12090,NWAmes,1Story,6,1981,MetalSd,2,7,WD,RL,175500
11207,Gilbert,2Story,5,1997,VinylSd,2,8,WD,RL,185000
6900,IDOTRR,1Story,6,1940,VinylSd,1,4,WD,RM,120500
7917,Edwards,1Story,7,1976,HdBoard,1,6,WD,RL,148000
39104,ClearCr,1Story,7,1954,Plywood,2,5,WD,RL,241500
11764,NoRidge,2Story,7,1999,VinylSd,3,9,WD,RL,290000
9600,NAmes,1Story,6,1958,Wd Sdng,1,6,WD,RL,139000
8314,Mitchel,1Story,7,1982,HdBoard,1,5,WD,RL,124500
7264,BrkSide,1.5Fin,7,1925,Wd Sdng,2,5,WD,RL,205000
14450,NridgHt,1Story,5,2006,CemntBd,3,8,New,RL,415298
10005,ClearCr,2Story,5,1977,Plywood,2,8,WD,RL,192000
11287,SawyerW,2Story,6,1989,Plywood,2,7,WD,RL,228500
7200,Somerst,1Story,5,2006,VinylSd,2,5,New,FV,185000
5063,NridgHt,1Story,5,2007,VinylSd,2,6,ConLw,RL,207500
9612,Somerst,1Story,5,2008,VinylSd,3,6,New,RL,244600
8012,SawyerW,1Story,5,1992,Plywood,2,5,WD,RL,179200
4251,Somerst,2Story,5,2006,MetalSd,2,5,New,FV,164700
9786,NAmes,1.5Fin,7,1962,Wd Sdng,2,7,WD,RL,159000
9819,Sawyer,1Story,5,1967,MetalSd,1,5,WD,RL,122000
8730,BrkSide,2Story,7,1915,Wd Sdng,1,7,WD,RL,153575
5687,SWISU,2Story,6,1912,VinylSd,0,9,WD,RL,135900
11409,Edwards,1.5Fin,4,1949,Wd Sdng,1,8,WD,RL,131000
9600,NAmes,1Story,5,1953,HdBoard,2,7,WD,RL,167000
7937,Mitchel,SLvl,6,1984,HdBoard,2,6,WD,RL,142500
13710,IDOTRR,1.5Fin,5,1950,Wd Sdng,1,6,WD,RM,152000
11700,NWAmes,2Story,6,1968,HdBoard,2,7,WD,RL,175000
13704,CollgCr,1Story,5,2001,VinylSd,3,6,WD,RL,205000
9800,CollgCr,1Story,7,1972,VinylSd,2,5,WD,RL,149900
10386,CollgCr,1Story,5,2004,CemntBd,3,8,WD,RL,305900
13474,SawyerW,2Story,5,1990,HdBoard,3,8,WD,RL,225000
7920,IDOTRR,1.5Fin,7,1920,MetalSd,0,6,WD,RM,89500
12342,Edwards,1Story,5,1940,VinylSd,2,4,WD,RL,82500
12378,NridgHt,1Story,5,2003,VinylSd,3,8,WD,RL,360000
7685,Gilbert,2Story,5,1993,HdBoard,2,6,WD,RL,165600
7800,OldTown,1.5Fin,7,1939,MetalSd,2,5,WD,RM,119900
9600,OldTown,2Story,7,1925,Wd Sdng,2,6,WD,RM,178000
9900,NoRidge,2Story,5,1993,HdBoard,3,9,WD,RL,260000
12099,NridgHt,2Story,5,2004,VinylSd,3,10,WD,RL,354000
10380,SawyerW,2Story,5,1986,Plywood,2,8,WD,RL,301000
5820,OldTown,1Story,8,1955,VinylSd,1,6,WD,RM,126175
11275,NAmes,SLvl,7,1967,Wd Sdng,2,11,WD,RL,242000
5000,IDOTRR,1.5Unf,6,1941,MetalSd,2,5,WD,RM,87000
10846,Veenker,1Story,5,1993,BrkFace,2,6,Con,RL,324000
11600,NAmes,1Story,5,1960,Wd Sdng,1,7,WD,RL,145250
11888,BrkSide,2.5Unf,6,1916,Wd Sdng,2,10,WD,RL,214500
10624,NAmes,1Story,4,1964,HdBoard,1,10,WD,RL,119000
10655,NridgHt,1Story,5,2003,VinylSd,3,7,WD,RL,284000
164660,Timber,1.5Fin,6,1965,Plywood,2,7,WD,RL,228950
14157,StoneBr,1Story,5,2005,VinylSd,3,8,WD,RL,377426
9135,CollgCr,1Story,5,2002,VinylSd,2,7,WD,RL,214000
14145,NWAmes,1Story,7,1984,Wd Sdng,2,8,WD,RL,202500
12400,NAmes,1Story,7,1958,Wd Sdng,1,6,WD,RL,155000
14191,Timber,2Story,5,2002,VinylSd,2,9,WD,RL,202900
8400,SawyerW,1Story,4,1950,Wd Sdng,1,4,WD,RH,82000
8544,NAmes,1Story,4,1949,Stucco,2,6,WD,RL,87500
8849,NridgHt,1Story,5,2005,MetalSd,2,6,WD,RL,266000
12772,NAmes,1Story,8,1960,MetalSd,1,5,WD,RL,151500
17600,NAmes,1Story,5,1960,Wd Sdng,2,6,WD,RL,157500
2448,NridgHt,2Story,5,2003,VinylSd,2,6,WD,RL,154000
7820,NridgHt,1Story,5,2007,MetalSd,2,6,New,RL,318061
5271,ClearCr,1Story,5,1986,Wd Sdng,2,6,WD,RL,190000
9084,Edwards,1.5Fin,6,1941,VinylSd,1,5,ConLw,RL,95000
8520,OldTown,1Story,8,1928,VinylSd,2,5,WD,RM,105900
8400,SWISU,1.5Fin,5,1940,Wd Sdng,1,6,WD,RL,140000
9248,Gilbert,1Story,6,1992,HdBoard,2,6,WD,RL,173000
7540,Mitchel,SFoyer,6,1978,VinylSd,2,5,WD,RL,156000
7301,Edwards,SFoyer,5,2003,HdBoard,2,7,ConLD,RL,198500
18800,NWAmes,2Story,5,1976,HdBoard,2,6,WD,RL,190000
9830,NAmes,1Story,7,1959,Wd Sdng,2,7,WD,RL,162000
7175,SawyerW,1Story,5,1984,Plywood,1,4,WD,RL,125000
10634,NAmes,1Story,6,1953,MetalSd,1,5,WD,RL,123000
8200,CollgCr,2Story,5,2003,VinylSd,2,8,WD,RL,219500
8846,CollgCr,SFoyer,5,1996,VinylSd,2,5,WD,RL,148000
11394,StoneBr,1Story,2,2010,VinylSd,3,8,New,RL,394432
5000,SWISU,1.5Fin,6,1924,BrkFace,1,6,WD,RL,127000
7200,Somerst,1Story,5,2006,VinylSd,2,5,New,FV,187750
9245,CollgCr,2Story,5,2006,VinylSd,2,8,WD,RL,213500
9000,SawyerW,1.5Unf,3,1928,Wd Sdng,2,5,WD,RH,76000
53107,ClearCr,2Story,5,1992,HdBoard,2,9,WD,RL,240000
3182,Blmngtn,1Story,5,2004,VinylSd,2,6,WD,RL,192000
12474,NridgHt,2Story,5,2007,VinylSd,3,9,New,RL,426000
8405,Edwards,1.5Fin,8,1900,MetalSd,1,7,WD,RL,119000
12209,Mitchel,2Story,5,2001,VinylSd,2,7,WD,RL,215000
7446,BrkSide,1Story,5,1941,WdShing,0,4,WD,RL,100000
10134,OldTown,1.5Fin,6,1940,MetalSd,1,5,WD,RL,109000
9571,Edwards,1Story,6,1956,Wd Sdng,1,6,WD,RL,129000
7200,CollgCr,1Story,5,1972,MetalSd,2,6,WD,RL,123000
7590,NAmes,2Story,5,1962,VinylSd,1,8,WD,RL,169500
8967,IDOTRR,1Story,2,1920,MetalSd,1,6,WD,RM,67000
8125,Somerst,2Story,5,2006,CemntBd,2,7,WD,FV,241000
10200,Sawyer,1Story,8,1940,Wd Sdng,1,4,WD,RL,108000
12090,NoRidge,2Story,5,1998,VinylSd,2,10,WD,RL,258000
10364,Gilbert,2Story,5,1995,MetalSd,2,7,WD,RL,168000
9991,Sawyer,1Story,4,1976,Plywood,2,8,WD,RL,150000
15576,Crawfor,2Story,7,1915,Wd Sdng,1,8,WD,RL,177000
14154,NridgHt,2Story,5,2006,VinylSd,3,9,New,RL,280000
10800,Somerst,2Story,5,2007,VinylSd,3,8,New,FV,339750
9571,Edwards,1Story,3,1958,BrkComm,1,5,COD,RL,60000
34650,Gilbert,1Story,5,1955,Wd Sdng,2,5,WD,RL,145000
4403,Somerst,1Story,5,2009,MetalSd,2,7,New,FV,222000
8960,OldTown,1Story,6,1927,WdShing,2,5,WD,RM,115000
8899,Gilbert,1Story,5,2007,VinylSd,2,6,New,RL,181134
22420,Crawfor,2Story,6,1918,Wd Sdng,3,10,WD,RL,239000
8160,Edwards,1.5Fin,6,1940,MetalSd,1,7,WD,RL,126000
8450,NAmes,1Story,6,1968,VinylSd,1,6,WD,RL,142000
7060,Mitchel,SFoyer,5,1997,VinylSd,4,8,WD,RM,206300
21750,Mitchel,1Story,5,1954,HdBoard,2,4,WD,RL,113000
9200,NoRidge,2Story,5,1998,VinylSd,3,8,WD,RL,315000
9000,NAmes,1Story,5,1956,Wd Sdng,1,6,WD,RL,139000
8593,NAmes,1Story,6,1957,MetalSd,1,5,WD,RL,109008
6762,CollgCr,1Story,5,2007,VinylSd,2,6,New,RL,195400
11457,Timber,1Story,5,1988,HdBoard,2,6,WD,RL,175000
1680,BrDale,2Story,5,1971,HdBoard,1,4,COD,RM,85400
5586,OldTown,1.5Fin,7,1920,MetalSd,0,7,ConLD,RM,79900
10839,Gilbert,2Story,5,1997,VinylSd,2,7,WD,RL,181000
1890,MeadowV,SFoyer,7,1972,CemntBd,0,3,WD,RM,81000
10667,CollgCr,2Story,6,1996,VinylSd,2,6,ConLw,RL,212000
6000,BrkSide,1.5Unf,7,1926,Wd Sdng,1,4,WD,RM,119000
12354,Edwards,1.5Fin,8,1920,Wd Sdng,2,7,ConLI,RL,110000
15431,NridgHt,1Story,5,2008,VinylSd,3,10,WD,RL,555000
12108,Edwards,1Story,4,1955,VinylSd,0,8,WD,RL,118000
6240,BrkSide,1.5Fin,7,1930,MetalSd,2,8,WD,RM,162900
3922,Blmngtn,1Story,5,2006,WdShing,3,6,New,RL,172500
8750,CollgCr,2Story,5,1994,VinylSd,2,8,WD,RL,210000
9855,Edwards,1Story,5,1956,Wd Sdng,2,7,COD,RL,127500
16492,NAmes,1Story,6,1966,BrkFace,2,6,WD,RL,190000
11214,Gilbert,2Story,5,1998,VinylSd,2,10,WD,RL,199900
9303,Timber,2Story,5,1996,VinylSd,2,7,WD,RL,204000
9000,Somerst,2Story,5,2008,VinylSd,2,6,WD,FV,210000
9297,Mitchel,1Story,5,1976,Plywood,2,8,WD,RL,188000
4571,OldTown,2Story,5,1916,AsbShng,3,7,COD,RM,98000
53227,ClearCr,1Story,6,1954,Plywood,2,6,WD,RL,256000
5100,OldTown,2Story,7,1925,Stucco,1,7,WD,RM,161000
7015,BrkSide,1.5Fin,4,1950,MetalSd,1,5,WD,RL,110000
8004,Somerst,2Story,5,2009,VinylSd,2,8,New,FV,263435
7200,SWISU,2Story,9,1936,Wd Sdng,2,6,WD,RL,155000
8281,Sawyer,1Story,5,1965,MetalSd,1,5,WD,RL,62383
11988,Crawfor,2Story,7,1934,Stucco,1,6,WD,RL,188700
8430,CollgCr,1Story,5,1978,HdBoard,0,5,WD,RL,124000
3072,Blmngtn,1Story,5,2004,VinylSd,2,6,WD,RM,178740
10628,NAmes,1Story,5,1970,Plywood,2,5,WD,RL,167000
9480,NAmes,2Story,7,1942,MetalSd,1,7,WD,RL,146500
11428,NridgHt,1Story,5,2006,VinylSd,3,7,WD,RL,250000
9291,SawyerW,2Story,5,1993,HdBoard,2,7,WD,RL,187000
11952,NWAmes,2Story,6,1977,WdShing,2,8,WD,RL,190000
3675,Edwards,SLvl,5,2005,VinylSd,2,5,WD,RM,148000
5330,StoneBr,1Story,5,2000,CemntBd,2,6,WD,RL,251000
8480,Sawyer,1Story,6,1963,HdBoard,2,5,WD,RL,132500
13693,NridgHt,2Story,5,2006,VinylSd,3,9,WD,RL,380000
10637,CollgCr,1Story,5,2007,VinylSd,3,7,WD,RL,297000
5925,OldTown,1Story,7,1937,Stucco,2,7,WD,RM,89471
11846,NridgHt,1Story,5,2003,VinylSd,3,6,WD,RL,374000
2500,OldTown,2Story,8,1915,Stucco,1,7,WD,RM,155000
7758,Sawyer,1Story,7,1962,HdBoard,1,6,WD,RL,132500
10289,NAmes,1Story,7,1965,MetalSd,2,6,WD,RL,156000
12243,NWAmes,1Story,6,1971,Plywood,2,7,WD,RL,175000
10800,OldTown,1.5Fin,4,1900,Wd Sdng,2,10,ConLD,RL,160000
1526,MeadowV,SFoyer,8,1970,CemntBd,1,3,WD,RM,86000
2665,MeadowV,2Story,6,1976,CemntBd,1,4,WD,RM,115000
9490,NAmes,1.5Fin,7,1941,Wd Sdng,1,5,WD,RL,133000
15578,Gilbert,2Story,5,2006,VinylSd,2,8,New,RL,172785
5784,OldTown,1Story,8,1938,MetalSd,1,4,WD,RM,91300
7879,IDOTRR,1Story,5,1920,Wd Sdng,0,4,WD,C (all),34900
12692,NoRidge,1Story,5,1992,BrkFace,2,10,WD,RL,430000
9120,BrkSide,1.5Fin,6,1925,Wd Sdng,1,8,WD,RL,184000
7800,Sawyer,1Story,7,1967,HdBoard,1,5,WD,RL,130000
7535,NAmes,1Story,7,1958,MetalSd,1,5,WD,RL,120000
1890,BrDale,2Story,5,1973,HdBoard,1,7,WD,RM,113000
9803,Somerst,2Story,5,2005,VinylSd,2,7,WD,FV,226700
9170,Edwards,1Story,7,1965,MetalSd,2,6,WD,RL,140000
15602,Crawfor,1Story,8,1959,BrkFace,2,6,WD,RL,289000
2308,NPkVill,2Story,5,1974,Plywood,2,6,WD,RL,147000
7596,OldTown,2Story,5,1952,Wd Sdng,2,10,COD,RM,124500
9554,SawyerW,2Story,5,1993,VinylSd,2,8,WD,RL,215000
7862,Somerst,1Story,5,2009,VinylSd,2,4,New,FV,208300
9600,OldTown,2Story,9,1928,MetalSd,2,7,WD,RM,161000
9600,NAmes,1Story,6,1959,MetalSd,1,6,WD,RL,124500
14559,NAmes,1Story,7,1951,Wd Sdng,1,6,WD,RL,164900
6792,NridgHt,1Story,5,2005,VinylSd,2,6,New,RL,202665
9100,NAmes,1Story,5,1958,VinylSd,2,5,WD,RL,129900
9187,Mitchel,1Story,5,1983,VinylSd,2,5,WD,RL,134000
10448,NWAmes,SLvl,6,1972,HdBoard,2,7,COD,RL,158000
10208,NoRidge,2Story,5,1996,VinylSd,3,7,WD,RL,265000
9531,CollgCr,2Story,5,1998,VinylSd,2,7,WD,RL,211000
10918,Crawfor,2Story,9,1926,MetalSd,1,9,WD,RL,234000
10800,OldTown,2Story,7,1900,MetalSd,0,7,WD,RL,106250
11988,NAmes,1Story,6,1957,VinylSd,1,6,WD,RL,150000
7500,Somerst,1Story,5,2005,VinylSd,2,6,WD,FV,176000
14948,NridgHt,2Story,5,2008,VinylSd,3,11,New,RL,446261
9098,Edwards,1Story,7,1920,Wd Sdng,0,5,WD,RL,86000
32668,Crawfor,1Story,3,1957,Wd Sdng,2,9,WD,RL,200624
10200,Timber,SLvl,5,1988,HdBoard,2,5,WD,RL,175000
6155,BrkSide,2Story,8,1920,Wd Sdng,2,6,WD,RM,128000
7200,NAmes,1Story,7,1955,VinylSd,1,5,WD,RL,107500
5000,BrkSide,1Story,3,1946,VinylSd,0,2,WD,RL,39300
9056,Gilbert,2Story,5,2004,VinylSd,2,6,WD,RL,178000
8924,CollgCr,2Story,5,1998,VinylSd,2,8,WD,RL,188000
11553,Sawyer,1Story,5,1968,Plywood,1,7,WD,RL,158000
11423,CollgCr,1Story,5,2001,VinylSd,2,6,WD,RL,272000
11000,NoRidge,2Story,5,2000,VinylSd,3,8,WD,RL,248000
10140,NWAmes,1Story,5,1998,VinylSd,2,7,WD,RL,213250
4058,NAmes,SFoyer,5,1998,MetalSd,1,4,WD,RH,133000
17104,Gilbert,2Story,5,2006,VinylSd,2,7,New,RL,179665
13837,NWAmes,1.5Fin,5,1988,HdBoard,3,9,WD,RL,229000
7244,Mitchel,SFoyer,7,1970,VinylSd,2,5,WD,RL,129500
4043,NPkVill,1Story,6,1977,Plywood,2,4,COD,RL,140000
6000,OldTown,1Story,6,1957,BrkFace,1,5,WD,RM,112500
11146,NridgHt,1Story,5,2006,VinylSd,3,7,WD,RL,255500
8777,Edwards,1Story,5,1949,VinylSd,2,5,WD,RL,108000
10625,NridgHt,2Story,5,2003,VinylSd,3,8,WD,RL,284000
11040,IDOTRR,1.5Fin,6,1920,MetalSd,1,7,COD,C (all),108000
3196,Blmngtn,1Story,5,2003,VinylSd,2,7,WD,RL,234000
10010,Mitchel,1Story,5,1974,HdBoard,2,6,WD,RL,170000
10171,NridgHt,1Story,5,2004,VinylSd,2,7,WD,RL,214000
12327,SawyerW,1.5Fin,8,1983,Wd Sdng,2,5,WD,RL,316600
7032,NAmes,SFoyer,5,1979,MetalSd,2,4,WD,RL,135960
13101,NAmes,1Story,5,1965,HdBoard,2,10,WD,RL,142600
7332,NAmes,1Story,6,1959,WdShing,1,4,WD,RL,120000
9967,Gilbert,SLvl,5,2000,VinylSd,2,8,WD,RL,170000
10500,NAmes,SLvl,7,1971,MetalSd,1,5,WD,RL,139000
8480,NAmes,1.5Fin,5,1947,MetalSd,1,6,COD,RL,118500
6292,SWISU,1.5Fin,7,1928,Wd Sdng,1,6,WD,RL,145000
11777,Sawyer,SLvl,6,1966,VinylSd,2,6,WD,RL,164500
3604,Somerst,2Story,5,2007,VinylSd,2,5,WD,FV,146000
12150,OldTown,1.5Fin,5,1954,MetalSd,1,7,WD,RM,131500
12704,NridgHt,1Story,5,2008,VinylSd,3,8,New,RL,253293
11841,Edwards,SFoyer,5,1990,HdBoard,0,5,WD,RL,118500
13500,OldTown,2.5Unf,9,1893,Wd Sdng,2,9,WD,RM,325000
6120,BrkSide,1.5Fin,7,1935,AsbShng,1,6,WD,RM,133000
11443,Timber,1Story,5,2005,VinylSd,3,7,New,RL,369900
8740,Sawyer,SFoyer,6,1982,HdBoard,2,4,WD,RL,137000
9100,BrkSide,1Story,6,1930,VinylSd,1,4,WD,RM,79500
8320,CollgCr,2Story,5,2004,VinylSd,2,6,WD,RL,185900
6600,Mitchel,1Story,8,1982,HdBoard,2,4,WD,RL,138000
4435,CollgCr,1Story,5,2003,VinylSd,2,4,WD,RM,140000
11302,StoneBr,1Story,5,2005,VinylSd,3,7,New,RL,319000
3600,OldTown,2Story,7,1910,VinylSd,1,7,WD,RM,114504
3922,Blmngtn,1Story,5,2006,VinylSd,3,7,New,RL,194201
1950,Blueste,2Story,6,1980,MetalSd,2,6,COD,RM,151000
10927,NridgHt,2Story,5,2005,VinylSd,2,8,WD,RL,275000
9000,IDOTRR,1.5Fin,6,1937,Wd Sdng,1,6,WD,RM,141000
10041,SawyerW,2Story,5,1992,HdBoard,2,8,WD,RL,220000
13600,NAmes,2Story,6,1965,HdBoard,2,7,WD,RL,205000
12168,Crawfor,2Story,6,1934,BrkFace,2,10,WD,RL,359100
11885,CollgCr,2Story,5,2001,VinylSd,2,7,WD,RL,261500
8402,Mitchel,1Story,5,2007,VinylSd,0,6,New,RL,147000
8800,NAmes,SFoyer,7,1963,MetalSd,2,6,WD,RL,137500
7861,Gilbert,2Story,5,2002,VinylSd,2,7,WD,RL,183200
7227,NAmes,1.5Unf,6,1954,MetalSd,2,4,WD,RL,105500
11694,NridgHt,1Story,5,2007,CemntBd,3,9,New,RL,314813
8248,Edwards,1Story,3,1914,Stucco,0,5,WD,RL,67000
10800,NWAmes,2Story,7,1974,HdBoard,2,9,WD,RL,240000
10400,NWAmes,2Story,5,1972,VinylSd,2,8,WD,RL,165150
10000,NAmes,1Story,6,1962,Wd Sdng,2,5,WD,RL,160000
12342,NAmes,1Story,5,1960,Wd Sdng,1,6,WD,RL,139900
9600,NAmes,SLvl,6,1955,AsbShng,1,7,WD,RL,153000
11606,NAmes,2Story,5,1969,Plywood,2,9,WD,RL,135000
9000,OldTown,2Story,6,1880,VinylSd,1,8,WD,RM,124000
4590,NridgHt,1Story,5,2006,VinylSd,2,6,WD,RL,209500
11900,NWAmes,1Story,5,1977,Plywood,2,6,WD,RL,82500
6979,OldTown,SFoyer,5,1980,Plywood,2,4,WD,RL,144000
10896,SWISU,2.5Fin,7,1914,VinylSd,0,14,WD,RH,200000
6000,OldTown,1.5Fin,4,1954,Wd Sdng,1,7,WD,RM,93000
8777,Edwards,1Story,7,1910,MetalSd,0,4,WD,RL,85000
3982,Blmngtn,1Story,5,2006,VinylSd,3,7,New,RL,264561
7050,Somerst,2Story,5,2001,VinylSd,2,7,WD,FV,226000
10793,NWAmes,2Story,5,1969,WdShing,2,7,WD,RL,152000
9187,Somerst,1Story,5,2009,CemntBd,3,7,New,FV,370878
10530,NAmes,1Story,5,1971,Plywood,2,5,WD,RL,143250
7200,NAmes,1Story,5,1950,MetalSd,2,7,WD,RL,98300
10452,Edwards,1Story,5,1953,Wd Sdng,2,5,WD,RL,155000
1936,MeadowV,SFoyer,6,1970,CemntBd,0,3,WD,RM,84500
8125,Somerst,2Story,6,2007,CemntBd,2,7,WD,FV,205950
9084,Edwards,2Story,5,1940,MetalSd,1,7,WD,RL,108000
8750,CollgCr,2Story,5,1996,VinylSd,2,7,WD,RL,191000
10437,NoRidge,1Story,6,1995,MetalSd,3,7,WD,RL,350000
1680,BrDale,2Story,5,1971,HdBoard,1,6,WD,RM,88000
7200,Crawfor,2Story,6,1931,Stucco,1,6,WD,RL,149000
17503,NAmes,1.5Fin,5,1948,VinylSd,1,6,WD,RL,97500
12384,NWAmes,2Story,7,1976,Plywood,2,7,WD,RL,197900
46589,NoRidge,2Story,7,1994,VinylSd,3,8,WD,RL,402000
13560,NAmes,1Story,3,1968,Wd Sdng,2,5,WD,RL,110000
10012,Edwards,SFoyer,5,1972,Plywood,2,6,WD,RL,137500
11194,Gilbert,2Story,5,2000,VinylSd,2,7,WD,RL,230500
18450,NAmes,2Story,5,1965,Plywood,2,7,WD,RL,129000
8125,SawyerW,1Story,5,1994,HdBoard,2,7,WD,RL,193500
14175,Sawyer,1Story,6,1956,CemntBd,2,6,WD,RL,168000
11600,Crawfor,1Story,5,1922,MetalSd,1,5,WD,RL,137500
8633,CollgCr,2Story,5,2005,VinylSd,2,7,WD,RL,173500
6629,Edwards,2Story,6,1925,Wd Sdng,1,6,WD,RH,103600
11250,Veenker,1Story,6,1977,Plywood,2,6,WD,RL,165000
14442,Crawfor,1Story,7,1957,CemntBd,2,7,WD,RL,257500
9200,NAmes,1Story,6,1965,HdBoard,1,5,WD,RL,140000
2289,NPkVill,2Story,6,1978,Plywood,2,7,WD,RL,148500
11844,StoneBr,1Story,5,2008,VinylSd,3,7,New,RL,372500
8012,SawyerW,1Story,5,1980,Plywood,1,5,WD,RL,143000
4500,SWISU,1.5Fin,5,1932,VinylSd,1,6,WD,RH,159434
2887,ClearCr,1Story,5,1996,Wd Sdng,2,6,WD,RL,173000
16770,NoRidge,2Story,5,1998,VinylSd,2,7,WD,RL,221000
5062,StoneBr,2Story,5,1984,HdBoard,2,6,WD,RL,207500
10207,Somerst,2Story,6,2007,VinylSd,2,7,New,FV,227875
5105,Somerst,2Story,5,2004,MetalSd,2,4,WD,FV,148800
8089,StoneBr,1Story,6,2007,MetalSd,2,7,New,RL,392000
7577,NridgHt,1Story,5,2005,VinylSd,2,6,WD,RL,194700
4426,CollgCr,1Story,5,2004,VinylSd,2,3,WD,RM,141000
21535,NoRidge,2Story,6,1994,HdBoard,3,10,WD,RL,755000
5400,OldTown,1Story,6,1921,MetalSd,1,4,WD,RL,108480
6120,BrkSide,1.5Fin,6,1936,Wd Sdng,2,5,WD,RM,141500
13811,Timber,1Story,6,1987,HdBoard,2,5,WD,RL,176000
6000,BrkSide,1Story,7,1921,Wd Sdng,1,4,WD,RM,89000
6420,Edwards,1Story,7,1952,Wd Sdng,1,6,WD,RL,123500
14331,Timber,1Story,5,2002,VinylSd,3,7,WD,RL,312500
12438,StoneBr,2Story,5,2006,VinylSd,3,10,New,RL,361919
7630,OldTown,2Story,9,1900,Wd Sdng,2,8,WD,RM,140000
8400,CollgCr,1Story,5,2004,VinylSd,2,7,WD,RL,213000
5600,IDOTRR,2Story,5,1930,VinylSd,0,7,WD,RM,55000
115149,ClearCr,1Story,5,1971,Plywood,2,5,WD,RL,302000
6240,NridgHt,1Story,5,2006,MetalSd,2,6,WD,RL,254000
9018,Gilbert,2Story,5,2007,VinylSd,2,8,New,RL,179540
7162,Sawyer,1Story,7,1966,HdBoard,1,6,WD,RL,109900
4130,BrkSide,1Story,6,1935,VinylSd,0,5,WD,RL,52000
8712,IDOTRR,1.5Fin,7,1900,MetalSd,1,7,WD,C (all),102776
4671,StoneBr,1Story,5,1988,HdBoard,2,5,WD,RL,189000
9873,BrkSide,1Story,5,1970,HdBoard,2,6,WD,RL,129000
10140,NWAmes,1Story,5,1974,HdBoard,2,7,WD,RL,165000
10800,OldTown,2Story,8,1890,Wd Sdng,2,8,WD,RM,159500
10542,NoRidge,2Story,5,1993,Wd Sdng,3,9,WD,RL,341000
6563,StoneBr,1Story,5,1985,HdBoard,2,5,WD,RL,275000
4426,CollgCr,1Story,5,2004,VinylSd,2,3,WD,RM,143000
8120,NAmes,1Story,7,1970,MetalSd,2,5,WD,RL,124500
8172,Edwards,1.5Fin,6,1954,MetalSd,1,7,WD,RL,135000
13286,Edwards,1Story,5,2007,CemntBd,3,8,WD,RL,320000
6960,NAmes,1Story,6,1970,HdBoard,2,5,WD,RL,120500
21695,Crawfor,1Story,9,1988,Wd Sdng,2,5,WD,RL,222000
7314,CollgCr,1Story,5,2007,VinylSd,2,6,WD,RL,194500
6240,IDOTRR,1.5Fin,5,1925,MetalSd,2,5,WD,RM,103000
5389,StoneBr,1Story,5,1995,CemntBd,2,5,WD,RL,236500
9590,Timber,SLvl,5,2003,VinylSd,2,6,WD,RL,187500
10000,Sawyer,1Story,6,1961,HdBoard,1,6,WD,RL,131400
8978,Sawyer,1Story,5,1968,Plywood,1,6,WD,RL,108000
10800,OldTown,2.5Unf,7,1914,Wd Sdng,2,6,WD,RM,163000
8544,NAmes,1Story,4,1950,Stucco,2,6,WD,RL,93500
10463,Gilbert,2Story,5,2005,VinylSd,3,8,WD,RL,239900
10800,Edwards,1Story,5,1987,Plywood,0,5,WD,RL,179000
9313,CollgCr,2Story,5,2004,VinylSd,2,7,WD,RL,190000
8450,SawyerW,1Story,5,2000,VinylSd,2,6,WD,RL,179000
12886,Sawyer,SLvl,6,1963,HdBoard,2,6,WD,RL,175000
5395,StoneBr,1Story,5,1993,HdBoard,2,5,WD,RL,180000
10593,NoRidge,1Story,5,1996,VinylSd,2,7,WD,RL,260400
8405,Edwards,1.5Fin,3,1945,WdShing,1,9,WD,RL,98000
7750,Gilbert,2Story,5,2003,VinylSd,2,6,WD,RL,162000
9236,CollgCr,1Story,5,1997,VinylSd,2,6,WD,RL,217000
10240,NridgHt,2Story,5,2005,VinylSd,3,8,WD,RL,275500
2280,Somerst,2Story,5,1999,MetalSd,2,6,WD,FV,179400
12257,NoRidge,2Story,5,1995,VinylSd,3,9,WD,RL,290000
9100,NAmes,1Story,6,1959,Wd Sdng,1,5,WD,RL,127500
8640,Somerst,2Story,5,2009,VinylSd,2,7,Con,FV,215200
14587,Somerst,1Story,5,2008,VinylSd,2,6,New,RL,264132
12508,Mitchel,1.5Fin,7,1940,VinylSd,1,7,WD,RL,160000
53504,StoneBr,2Story,5,2003,CemntBd,3,12,WD,RL,538000
8877,Edwards,1Story,5,1951,Wd Sdng,2,6,COD,RL,102000
10150,NAmes,1Story,5,1958,Wd Sdng,1,5,COD,RL,114500
14226,NridgHt,1Story,5,2006,VinylSd,3,9,New,RL,395000
4500,Mitchel,1Story,5,1998,VinylSd,2,5,WD,RM,162000
11210,CollgCr,1Story,5,2005,VinylSd,3,7,New,RL,221500
8400,SawyerW,1Story,5,1977,Plywood,2,10,WD,RH,144000
10530,Mitchel,SFoyer,5,1977,Plywood,2,4,WD,RL,135000
7875,Gilbert,1Story,5,1995,HdBoard,2,6,WD,RL,176000
7153,SawyerW,2Story,5,1992,VinylSd,2,7,WD,RL,175900
6300,OldTown,2.5Unf,6,1914,Wd Sdng,0,9,WD,RM,128000
10800,OldTown,1.5Fin,6,1915,MetalSd,1,7,WD,RM,139000
10142,SawyerW,2Story,5,2004,VinylSd,2,8,WD,RL,233000
6000,OldTown,1Story,7,1954,MetalSd,1,4,WD,RM,107900
3182,Blmngtn,1Story,5,2005,VinylSd,2,5,WD,RL,160200
11333,Mitchel,SLvl,5,1976,HdBoard,2,5,WD,RL,146800
9158,Somerst,1Story,5,2007,CemntBd,2,7,New,RL,225000
10832,Gilbert,2Story,5,1994,MetalSd,2,7,WD,RL,194500
8197,Sawyer,1Story,5,1977,Plywood,2,7,WD,RL,143500
7200,SWISU,1.5Fin,7,1937,Wd Sdng,1,7,WD,RL,175000
12798,ClearCr,2Story,5,1997,VinylSd,2,8,WD,RL,200000
4800,IDOTRR,1Story,7,1916,MetalSd,2,5,WD,RM,109900
13891,NridgHt,2Story,5,2008,VinylSd,3,12,New,RL,582933
9000,NAmes,1Story,5,1954,Wd Sdng,1,5,WD,RL,118000
12274,Somerst,1Story,5,2008,VinylSd,2,6,New,RL,227680
9750,NAmes,SLvl,5,1967,VinylSd,1,6,WD,RL,135500
21384,BrkSide,2Story,6,1923,Wd Sdng,2,6,WD,RL,223500
8100,OldTown,2.5Unf,5,1898,AsbShng,2,11,WD,RM,106000
10140,NWAmes,1Story,6,1974,HdBoard,2,5,WD,RL,181000
4438,CollgCr,1Story,5,2004,VinylSd,2,4,ConLD,RM,144500
8712,IDOTRR,1Story,5,1952,Wd Sdng,2,4,WD,C (all),55993
9750,NAmes,1Story,6,1958,MetalSd,1,7,COD,RL,157900
8248,Edwards,1.5Fin,7,1918,Stucco,1,7,WD,RL,116000
12137,CollgCr,1Story,5,1998,VinylSd,2,6,WD,RL,224900
11425,NAmes,1Story,6,1954,BrkFace,1,4,WD,RL,137000
13265,Mitchel,1Story,5,2002,CemntBd,3,7,WD,RL,271000
8816,ClearCr,SLvl,7,1971,HdBoard,2,6,WD,RL,155000
6371,NridgHt,1Story,5,2009,VinylSd,2,6,New,RL,224000
7226,CollgCr,2Story,5,2003,VinylSd,2,6,WD,RL,183000
6000,OldTown,1Story,4,1953,MetalSd,2,4,WD,RM,93000
12394,Gilbert,2Story,5,2003,VinylSd,2,7,WD,RL,225000
9900,SWISU,1.5Fin,7,1940,VinylSd,1,7,WD,RL,139500
11216,Somerst,1Story,5,2006,VinylSd,2,7,New,FV,232600
14803,NridgHt,1Story,5,2007,CemntBd,3,7,New,RL,385000
6130,BrkSide,1.5Unf,6,1924,MetalSd,0,5,WD,RM,109500
8529,SawyerW,1Story,5,2001,VinylSd,2,6,WD,RL,189000
28698,ClearCr,2Story,5,1967,Plywood,2,7,WD,RL,185000
2544,Somerst,2Story,5,2005,MetalSd,2,4,WD,FV,147400
11900,NAmes,1Story,5,1957,HdBoard,2,6,WD,RL,166000
9548,CollgCr,2Story,6,2003,VinylSd,2,7,WD,RL,237000
10004,NAmes,1Story,6,1964,HdBoard,2,6,WD,RL,167000
7875,NAmes,1Story,6,1961,VinylSd,2,6,WD,RL,139950
9600,Sawyer,1Story,7,1950,VinylSd,2,4,WD,RL,128000
9525,CollgCr,1Story,6,1995,VinylSd,1,6,WD,RL,144000
12155,SWISU,2Story,8,1925,Wd Sdng,1,7,WD,RH,140000
10440,OldTown,2Story,8,1904,MetalSd,2,8,WD,RM,157500
12665,OldTown,1.5Fin,8,1915,Wd Sdng,3,7,WD,RM,153900
16647,Sawyer,SFoyer,5,1975,HdBoard,2,6,WD,RL,171000
15523,CollgCr,1Story,6,1972,HdBoard,1,5,WD,RL,133500
45600,ClearCr,1.5Fin,8,1908,Wd Sdng,2,10,WD,RL,240000
9600,Veenker,SLvl,7,1976,Plywood,2,7,WD,RL,187000
7128,Crawfor,2.5Unf,5,1941,MetalSd,1,7,WD,RL,164000
12095,NAmes,SLvl,6,1964,MetalSd,2,7,WD,RL,158000
17920,Sawyer,1Story,4,1955,Wd Sdng,2,6,WD,RL,170000
6897,Sawyer,1Story,8,1962,HdBoard,1,6,WD,RL,127000
10970,CollgCr,SLvl,6,1978,Plywood,2,5,WD,RL,147000
10400,NWAmes,1Story,5,1976,HdBoard,2,6,WD,RL,152000
11029,NWAmes,2Story,7,1968,HdBoard,2,9,WD,RL,250000
7642,Crawfor,1.5Fin,8,1918,Wd Sdng,1,7,WD,RL,189950
7931,NAmes,1Story,5,1959,BrkFace,1,6,WD,RL,132500
8640,Somerst,1Story,5,2007,VinylSd,2,6,New,FV,250580
8750,NAmes,1Story,6,1970,MetalSd,2,5,WD,RL,148500
10656,Timber,1Story,5,2006,VinylSd,3,6,New,RL,248900
9938,SawyerW,2Story,5,1993,MetalSd,2,8,WD,RL,236000
6600,NAmes,1Story,5,1962,MetalSd,1,5,WD,RL,109500
8892,NAmes,1Story,7,1953,WdShing,2,5,WD,RL,116000
12144,NAmes,1Story,7,1949,HdBoard,1,6,WD,RL,133000
9000,Somerst,2Story,5,2007,CemntBd,2,11,New,FV,303477
25286,Mitchel,1Story,5,1963,HdBoard,2,5,WD,RL,132250
11782,Sawyer,SFoyer,7,1961,HdBoard,2,6,WD,RL,148000
7000,CollgCr,1Story,8,1978,VinylSd,1,6,WD,RL,136500
7024,Edwards,1Story,5,2005,VinylSd,2,5,WD,RL,157000
13758,Timber,1.5Fin,5,1990,HdBoard,2,7,WD,RL,187500
9636,Gilbert,2Story,5,1992,VinylSd,2,7,WD,RL,178000
6204,SWISU,2.5Fin,5,1912,Wd Sdng,1,10,WD,RL,118500
5119,Somerst,1Story,5,1999,MetalSd,2,5,CWD,FV,328900
16466,Edwards,1.5Fin,7,1955,MetalSd,1,8,WD,RL,135500
12160,NAmes,1Story,4,1953,Wd Sdng,2,6,WD,RL,149500
8064,NAmes,1.5Fin,7,1949,MetalSd,2,6,WD,RL,122900
7018,SawyerW,1Story,5,1979,Plywood,2,8,WD,RL,118858
7056,NAmes,2Story,5,1963,HdBoard,2,8,WD,RL,140000
8765,IDOTRR,1Story,6,1936,Wd Sdng,1,6,WD,RM,106500
6993,Sawyer,1Story,7,1961,HdBoard,1,6,WD,RL,135000
7340,NAmes,1Story,6,1971,HdBoard,1,4,WD,RL,110000
8712,NAmes,1Story,7,1957,MetalSd,1,5,WD,RL,153000
7875,Gilbert,2Story,5,2003,VinylSd,2,8,WD,RL,180000
6173,Sawyer,1Story,6,1967,HdBoard,1,6,WD,RL,125500
8885,Mitchel,1Story,5,1983,HdBoard,2,5,WD,RL,131000
12589,Gilbert,2Story,5,2005,VinylSd,2,8,WD,RL,174000
11600,NAmes,2Story,5,1960,MetalSd,2,12,WD,RL,154300
6120,BrkSide,1Story,7,1925,MetalSd,1,6,WD,RM,88000
6270,Crawfor,2Story,6,1949,MetalSd,3,8,WD,RH,145000
3000,Somerst,2Story,5,2009,VinylSd,2,4,New,FV,173733
2001,MeadowV,2Story,5,1970,CemntBd,1,6,WD,RM,75000
9000,IDOTRR,1Story,3,1949,AsbShng,1,4,WD,C (all),35311
8462,SawyerW,2Story,5,1994,HdBoard,2,7,WD,RL,201000
8012,SawyerW,1Story,5,1993,Plywood,2,5,WD,RL,193000
15611,NWAmes,1Story,6,1977,VinylSd,2,6,WD,RL,175000
11999,NridgHt,2Story,5,2003,VinylSd,3,10,WD,RL,285000
9900,NWAmes,2Story,5,1968,MetalSd,2,9,WD,RL,176000
11838,CollgCr,1Story,5,2001,VinylSd,2,7,WD,RL,236500
13006,Gilbert,2Story,5,1997,HdBoard,2,8,WD,RL,222000
9100,NAmes,1Story,6,1965,VinylSd,1,5,WD,RL,117500
11670,Somerst,1Story,5,2006,VinylSd,3,8,WD,RL,320000
8487,CollgCr,1Story,5,2004,VinylSd,2,6,WD,RL,190000
27650,NAmes,1Story,7,1960,Wd Sdng,2,9,WD,RL,242000
5825,BrkSide,1Story,5,1926,MetalSd,2,5,WD,RL,79900
8760,CollgCr,2Story,5,2006,VinylSd,3,7,New,RL,239799
24090,ClearCr,2Story,7,1940,MetalSd,1,10,COD,RL,244400
12640,Mitchel,1Story,5,1976,Plywood,2,8,WD,RL,150900
8755,Gilbert,2Story,5,1999,VinylSd,2,8,WD,RL,214000
7711,Edwards,1Story,3,1977,MetalSd,0,8,Oth,RL,150000
25000,Mitchel,1Story,4,1967,HdBoard,2,8,WD,RL,143000
14375,Timber,SLvl,6,1958,HdBoard,2,7,COD,RL,137500
8163,NAmes,SLvl,6,1959,HdBoard,1,6,WD,RL,143000
9360,NWAmes,1Story,7,1972,Plywood,2,5,WD,RL,197500
7200,NAmes,1Story,8,1950,VinylSd,2,5,WD,RL,129000
7800,SawyerW,1Story,5,1965,VinylSd,1,6,WD,RH,119900
7200,CollgCr,SFoyer,8,1972,WdShing,1,5,WD,RL,133900
11075,Mitchel,2Story,4,1969,HdBoard,2,7,WD,RL,172000
9400,Edwards,SFoyer,5,1975,WdShing,0,4,WD,RL,127500
7136,Crawfor,2Story,6,1946,MetalSd,2,8,WD,RH,145000
1300,Blueste,2Story,6,1980,MetalSd,2,5,WD,RM,124000
8450,CollgCr,1Story,5,2003,VinylSd,2,6,WD,RL,185000
11923,CollgCr,1Story,5,2007,VinylSd,2,7,WD,RL,239000
11316,Timber,2Story,5,2002,VinylSd,2,8,WD,RL,214900
10237,Gilbert,2Story,5,2005,VinylSd,2,8,New,RL,178900
7390,NAmes,1Story,7,1955,Wd Sdng,1,6,WD,RL,135000
5925,OldTown,1.5Fin,6,1910,VinylSd,0,6,WD,RM,37900
10800,NAmes,1.5Fin,4,1949,AsbShng,0,6,WD,RL,135000
2268,NridgHt,2Story,5,2003,VinylSd,2,6,WD,RL,173000
7892,SawyerW,1Story,5,1979,Plywood,1,5,WD,RL,99500
11639,Somerst,1Story,5,2007,CemntBd,2,6,New,FV,182000
11414,BrkSide,2Story,8,1910,HdBoard,2,8,WD,RL,167500
5900,BrkSide,1Story,7,1923,Wd Sdng,0,4,WD,RL,85500
4274,Somerst,1Story,5,2006,VinylSd,2,4,New,FV,199900
9450,Edwards,1Story,5,1954,MetalSd,2,5,WD,RL,110000
8816,Sawyer,1Story,6,1963,VinylSd,2,5,WD,RL,139000
12122,NAmes,SFoyer,9,1961,CemntBd,2,6,WD,RL,178400
12203,NoRidge,2Story,5,1998,VinylSd,3,8,WD,RL,336000
11250,CollgCr,2Story,5,2002,CemntBd,2,9,WD,RL,255900
10125,Mitchel,1.5Fin,5,1977,Plywood,2,8,COD,RL,126000
10880,Edwards,1Story,5,1950,MetalSd,1,5,ConLD,RL,125000
5310,OldTown,1.5Fin,8,1910,VinylSd,1,5,WD,RM,117000
12046,NWAmes,2Story,6,1976,Plywood,2,8,WD,RL,195000
8125,Somerst,2Story,5,2006,VinylSd,2,6,New,FV,197000
9452,NoRidge,2Story,5,1997,VinylSd,3,7,WD,RL,348000
8846,CollgCr,2Story,5,2005,VinylSd,2,6,New,RL,173900
12456,NridgHt,1Story,5,2006,CemntBd,3,7,WD,RL,337500
10659,NAmes,1Story,6,1961,Wd Sdng,1,6,COD,RL,136500
9786,IDOTRR,1Story,4,1922,Wd Sdng,1,6,WD,RM,91000
10206,Edwards,1Story,3,1952,BrkComm,2,4,WD,RL,82000
11957,Somerst,1Story,5,2006,VinylSd,3,7,WD,RL,232000
11500,NWAmes,1Story,6,1976,VinylSd,2,8,WD,RL,136905
3182,Blmngtn,1Story,5,2005,VinylSd,2,7,WD,RL,181000
8385,CollgCr,SLvl,8,1977,HdBoard,1,6,WD,RL,149900
12155,NAmes,1Story,3,1970,Plywood,2,7,WD,RL,163500
2217,MeadowV,2Story,4,1970,CemntBd,1,6,WD,RM,88000
12118,Mitchel,1Story,5,2004,VinylSd,2,7,WD,RL,240000
6000,SWISU,1.5Fin,5,1926,Wd Sdng,0,7,WD,RL,102000
21286,Sawyer,1.5Fin,5,1948,Wd Sdng,1,7,WD,RL,135000
7200,OldTown,1Story,4,1910,MetalSd,1,4,WD,RM,85000
11664,NAmes,1Story,5,1948,MetalSd,1,5,WD,RL,119200
8400,NWAmes,2Story,6,2001,VinylSd,2,6,WD,RL,227000
11883,CollgCr,1Story,5,1996,VinylSd,2,6,WD,RL,203000
5814,StoneBr,1Story,5,1984,HdBoard,2,4,COD,RL,187500
10784,Gilbert,SLvl,5,1991,HdBoard,2,7,WD,RL,160000
3013,Blmngtn,1Story,5,2005,VinylSd,2,6,WD,RL,213490
7406,CollgCr,1Story,5,2006,VinylSd,2,6,New,RL,194000
7700,CollgCr,1Story,5,1972,VinylSd,2,5,WD,RL,112500
9300,NAmes,1Story,5,1960,MetalSd,2,6,WD,RL,167500
9520,Timber,1Story,5,2007,VinylSd,3,7,New,RL,293077
9492,NAmes,1.5Fin,5,1941,WdShing,1,6,WD,RL,105000
1680,BrDale,2Story,7,1972,HdBoard,1,7,WD,RM,118000
7082,SWISU,2Story,8,1916,VinylSd,0,10,WD,RH,160000
15863,SWISU,2.5Fin,3,1920,Wd Sdng,2,12,WD,RL,197000
14541,NoRidge,2Story,7,1993,MetalSd,3,10,WD,RL,310000
8125,CollgCr,1Story,5,2002,VinylSd,3,6,WD,RL,230000
6305,Crawfor,1Story,7,1938,MetalSd,1,5,WD,RL,119750
9240,CollgCr,2Story,5,2001,VinylSd,2,7,WD,RL,287000
1533,MeadowV,2Story,6,1970,CemntBd,0,6,WD,RM,97000
1477,MeadowV,SFoyer,4,1970,CemntBd,1,3,WD,RM,80000
9130,NWAmes,2Story,8,1966,HdBoard,2,7,WD,RL,173000
5381,NridgHt,1Story,5,2005,VinylSd,2,5,WD,RL,196000
11839,SawyerW,2Story,5,1990,HdBoard,2,10,WD,RL,262280
9600,NWAmes,1Story,5,1981,BrkFace,2,9,WD,RL,278000
13680,Edwards,1Story,5,1955,BrkFace,2,8,WD,RL,139600
9245,CollgCr,1Story,5,1994,VinylSd,2,5,WD,RL,145000
21750,Mitchel,1Story,4,1960,HdBoard,2,9,WD,RL,115000
11100,Edwards,1Story,7,1946,MetalSd,1,6,WD,RL,84900
8993,Gilbert,1Story,5,2007,VinylSd,2,6,New,RL,176485
8562,Edwards,1Story,6,1957,HdBoard,1,7,WD,RL,144500
7052,NridgHt,1Story,5,2005,VinylSd,2,6,WD,RL,185850
29959,NoRidge,2Story,6,1994,HdBoard,2,7,WD,RL,248000
11308,NridgHt,2Story,5,2008,VinylSd,3,10,WD,RL,335000
4920,StoneBr,1Story,5,2001,CemntBd,2,6,WD,RL,213500
18000,IDOTRR,1Story,4,1935,MetalSd,3,6,ConLD,C (all),81000
13600,OldTown,2Story,5,1900,Wd Sdng,2,10,WD,RM,90000
11000,NAmes,1Story,6,1966,Plywood,2,6,WD,RL,154000
14000,ClearCr,2Story,5,1996,Wd Sdng,2,7,WD,RL,328000
7837,Gilbert,2Story,7,1993,VinylSd,2,7,WD,RL,178000
9760,NAmes,2Story,6,1964,HdBoard,2,7,WD,RL,167900
10152,NAmes,1Story,5,1956,MetalSd,1,6,WD,RL,135000
7585,Edwards,1.5Fin,3,1948,MetalSd,1,7,WD,RL,91500
7950,Edwards,2Story,6,1977,HdBoard,2,6,WD,RL,159500
8556,CollgCr,1Story,5,2006,VinylSd,3,5,WD,RL,194000
10800,OldTown,1.5Fin,8,1936,Wd Sdng,2,7,WD,RL,170000
15870,NAmes,1Story,5,1969,VinylSd,1,6,WD,RL,138800
4435,CollgCr,1Story,5,2004,VinylSd,2,3,WD,RM,155900
8775,CollgCr,1Story,5,1994,VinylSd,1,5,WD,RL,126000
11040,NWAmes,1Story,7,1971,VinylSd,2,5,COD,RL,145000
8800,NAmes,1Story,6,1964,HdBoard,1,6,WD,RL,160000
13031,Gilbert,2Story,5,1995,HdBoard,2,6,WD,RL,187500
9069,SawyerW,SFoyer,6,1992,HdBoard,2,5,WD,RL,147000
1974,MeadowV,2Story,5,1973,CemntBd,1,6,WD,RM,83500
10574,Somerst,2Story,5,2005,VinylSd,3,9,WD,FV,252000
3316,Somerst,1Story,5,2005,MetalSd,2,4,WD,FV,197000
2160,Somerst,2Story,5,1999,MetalSd,2,4,WD,FV,160000
8400,SWISU,1.5Fin,5,1925,MetalSd,2,7,WD,RL,136500
9230,NAmes,1Story,8,1965,MetalSd,2,6,WD,RL,146000
9317,CollgCr,1Story,5,2006,VinylSd,2,6,WD,RL,176432
3696,StoneBr,1Story,5,1986,HdBoard,2,5,WD,RL,170000
6000,BrkSide,1.5Fin,6,1936,MetalSd,1,6,WD,RM,128000
11880,NWAmes,1Story,5,1978,Plywood,2,7,COD,RL,157000
8400,SWISU,1Story,5,1920,Wd Sdng,1,3,WD,RL,60000
9758,NAmes,1Story,5,1971,HdBoard,1,5,WD,RL,119500
7000,NAmes,1Story,7,1960,Wd Sdng,1,6,WD,RL,135000
8910,NAmes,1Story,6,1959,BrkFace,2,6,WD,RL,159500
2016,BrDale,2Story,5,1970,HdBoard,2,6,WD,RM,106000
10357,SawyerW,1Story,5,1990,HdBoard,2,6,WD,RL,179900
23257,Gilbert,2Story,5,2006,VinylSd,2,9,New,RL,274725
11362,NridgHt,1Story,5,2004,MetalSd,3,7,WD,RL,280000
10480,NWAmes,2Story,6,1976,Plywood,2,8,WD,RL,205000
7100,NAmes,1Story,7,1957,WdShing,1,5,WD,RL,129900
8923,NAmes,1Story,7,1953,Wd Sdng,1,6,WD,RL,134500
5400,OldTown,1Story,7,1954,MetalSd,1,4,WD,RL,117000
9764,Sawyer,1Story,7,1967,VinylSd,2,5,WD,RL,130000
7560,NAmes,1Story,5,1959,BrkFace,1,6,WD,RL,133700
10084,CollgCr,1Story,5,2005,VinylSd,3,7,New,RL,212900
9125,Gilbert,SLvl,5,1992,HdBoard,2,7,WD,RL,163900
3684,Blmngtn,1Story,5,2007,VinylSd,3,7,WD,RL,174000
14572,Gilbert,1Story,5,2004,VinylSd,3,7,WD,RL,259000
11796,Gilbert,2Story,5,2004,VinylSd,2,8,WD,RL,215000
7200,OldTown,SFoyer,5,1980,MetalSd,2,4,WD,RM,140000
7804,SWISU,1.5Fin,3,1928,WdShing,2,7,WD,RL,135000
9900,OldTown,2Story,4,1880,Wd Sdng,1,8,WD,RM,117500
9828,SawyerW,2Story,5,1995,VinylSd,2,8,WD,RL,239500
6342,Sawyer,1.5Fin,8,1875,VinylSd,0,6,WD,RL,94000
9965,CollgCr,2Story,5,2006,VinylSd,3,11,New,RL,424870
9000,Sawyer,1Story,3,1959,Wd Sdng,0,5,WD,RL,80000
12180,Edwards,1.5Fin,4,1941,MetalSd,1,5,WD,RL,80000
11200,SawyerW,1Story,5,1985,Wd Sdng,2,5,WD,RL,180000
12000,Crawfor,2Story,7,1941,MetalSd,1,7,WD,RL,174500
5700,OldTown,1.5Fin,7,1926,Wd Sdng,1,5,WD,RM,116900
17755,Edwards,1Story,4,1959,HdBoard,2,6,WD,RL,149900
14115,Crawfor,1Story,7,1956,Stone,2,6,WD,RL,230000
13700,NAmes,2Story,6,1965,VinylSd,2,8,WD,RL,201800
10768,Veenker,1Story,8,1976,Plywood,2,6,WD,RL,218000
9350,NAmes,SLvl,8,1965,BrkFace,2,6,WD,RL,179900
11932,Somerst,1Story,5,2007,VinylSd,3,7,ConLD,RL,235128
9120,NWAmes,2Story,6,1974,HdBoard,2,8,WD,RL,185000
14778,Crawfor,1Story,7,1954,HdBoard,2,7,WD,RL,224000
8724,Sawyer,1Story,5,1968,VinylSd,2,5,WD,RL,129000
16157,Veenker,SLvl,7,1978,Plywood,2,5,WD,RL,194000
10475,CollgCr,1Story,5,2008,VinylSd,3,7,WD,RL,245350
10852,Gilbert,2Story,5,2000,VinylSd,2,7,WD,RL,173000
13728,Edwards,2Story,7,1935,Stucco,2,7,WD,RL,235000
35760,NoRidge,2Story,5,1995,HdBoard,3,10,WD,RL,625000
9880,Mitchel,SLvl,6,1977,Plywood,1,6,WD,RL,171000
4017,Somerst,2Story,5,2006,MetalSd,2,5,WD,FV,171900
18030,ClearCr,1.5Fin,6,1946,MetalSd,0,12,WD,RL,200500
16560,Crawfor,2Story,8,1932,Wd Sdng,2,9,WD,RL,239000
10678,NoRidge,1.5Fin,5,1992,HdBoard,2,9,WD,RL,285000
6951,Mitchel,1Story,5,1984,HdBoard,1,5,WD,RL,119500
8335,Edwards,1Story,5,1954,Wd Sdng,0,5,WD,RL,93000
11170,Timber,2Story,5,1990,MetalSd,2,8,WD,RL,250000
5587,Crawfor,1Story,5,2008,CemntBd,2,5,New,RM,392500
35133,Timber,1Story,4,1963,MetalSd,3,5,WD,RL,186700
9738,Edwards,1.5Fin,7,1924,AsbShng,1,7,WD,RL,104900
10615,OldTown,2Story,5,1900,HdBoard,2,7,WD,RL,95000
8935,CollgCr,2Story,5,2002,VinylSd,2,7,WD,RL,195000
7500,Gilbert,2Story,5,1999,VinylSd,2,7,WD,RL,189000
32463,Mitchel,1Story,4,1961,MetalSd,4,7,WD,RL,168000
2645,Somerst,2Story,5,1999,MetalSd,2,5,WD,FV,174000
4500,Mitchel,1Story,5,1999,VinylSd,2,5,WD,RM,165000
9364,Sawyer,2Story,7,1969,HdBoard,1,7,WD,RL,158000
8029,Gilbert,2Story,5,2005,VinylSd,2,8,WD,RL,176000
14054,Gilbert,2Story,5,2006,VinylSd,3,9,New,RL,219210
8850,OldTown,2.5Unf,6,1916,MetalSd,1,7,ConLw,RM,144000
9100,CollgCr,1Story,5,2001,VinylSd,2,6,WD,RL,178000
11235,Sawyer,1Story,5,1963,HdBoard,2,6,WD,RL,148000
9353,NAmes,1Story,5,1970,MetalSd,1,5,Oth,RL,116050
6000,BrkSide,1.5Fin,8,1925,Wd Sdng,1,5,WD,RM,117000
10140,NWAmes,1Story,6,1975,HdBoard,2,6,WD,RL,153500
14684,SawyerW,1Story,7,1990,HdBoard,3,7,WD,RL,271900
8900,SawyerW,1Story,4,1966,HdBoard,1,5,WD,RH,107000
9135,CollgCr,1Story,5,2003,VinylSd,2,7,WD,RL,200000
7763,NAmes,1Story,7,1962,MetalSd,2,6,WD,RL,140000
10182,Somerst,1Story,5,2006,VinylSd,2,8,New,RL,290000
11218,SawyerW,2Story,5,1992,Wd Sdng,2,8,WD,RL,189000
12134,Gilbert,1.5Fin,7,1988,Wd Sdng,2,8,WD,RL,164000
10246,Sawyer,SLvl,9,1965,VinylSd,1,3,WD,RL,145000
10205,NAmes,SFoyer,5,1962,MetalSd,1,6,WD,RL,134500
7094,Sawyer,1Story,5,1966,VinylSd,1,5,WD,RL,125000
8930,Sawyer,1.5Fin,5,1978,VinylSd,2,8,WD,RM,112000
7800,NAmes,1Story,5,1964,Wd Sdng,1,5,WD,RL,115000
8250,Sawyer,1Story,5,1968,HdBoard,1,5,WD,RL,134000
15384,Gilbert,2Story,5,2004,VinylSd,2,8,WD,RL,184000
10482,NAmes,SLvl,8,1958,VinylSd,1,6,WD,RL,145000
14598,Somerst,2Story,5,2007,VinylSd,3,9,WD,RL,214000
8872,NAmes,1Story,8,1965,VinylSd,2,5,WD,RL,147000
8769,NridgHt,1Story,5,2008,MetalSd,3,7,New,RL,367294
18890,Sawyer,1.5Fin,5,1977,Plywood,2,12,WD,RL,190000
7728,NAmes,SLvl,6,1962,Wd Sdng,2,6,WD,RL,132500
9842,NAmes,1Story,5,1962,HdBoard,2,6,WD,RL,101800
13132,Crawfor,2Story,5,1914,Wd Sdng,1,9,WD,RL,138887
12393,CollgCr,2Story,5,2004,VinylSd,2,8,WD,RL,195000
13072,SawyerW,1Story,5,2005,VinylSd,2,6,WD,RL,142500
9037,Timber,1Story,5,2006,VinylSd,2,6,WD,RL,265900
8158,CollgCr,2Story,5,2003,VinylSd,2,8,WD,RL,224900
9849,Somerst,1Story,6,2007,VinylSd,3,7,New,RL,248328
10625,NWAmes,SFoyer,6,1974,Plywood,2,6,WD,RL,170000
13891,NridgHt,1Story,5,2006,VinylSd,3,7,New,RL,465000
12090,NWAmes,SLvl,7,1984,VinylSd,2,7,WD,RL,178000
8125,Somerst,2Story,5,2005,VinylSd,2,6,New,FV,186500
12328,Mitchel,SLvl,5,1976,HdBoard,3,6,WD,RL,169900
9600,OldTown,2.5Unf,5,1917,AsbShng,2,8,WD,RM,129500
7200,NAmes,1Story,7,1950,MetalSd,1,6,WD,RL,119000
11160,NAmes,1Story,5,1968,BrkFace,2,8,WD,RL,244000
14303,NoRidge,1Story,5,1994,HdBoard,2,7,WD,RL,301500
9587,Gilbert,SLvl,5,2005,VinylSd,2,5,WD,RL,190000
24682,Gilbert,2Story,5,1999,VinylSd,2,7,WD,RL,181000
9600,NAmes,1Story,6,1956,MetalSd,1,5,WD,RL,128900
13515,BrkSide,2Story,6,1919,Wd Sdng,2,8,WD,RL,180500
13214,Timber,1Story,5,2008,Stucco,3,10,WD,RL,378500
14100,Crawfor,1.5Fin,9,1935,Stucco,3,11,WD,RL,381000
23595,ClearCr,1Story,6,1979,Plywood,2,4,WD,RL,260000
13526,Sawyer,1Story,6,1965,HdBoard,1,5,WD,RL,137000
11345,NAmes,2Story,5,1948,AsbShng,2,10,WD,RL,137000
12936,NWAmes,2Story,6,1972,HdBoard,2,6,WD,RL,162000
17871,NWAmes,SLvl,5,1967,HdBoard,2,7,WD,RL,197900
7500,IDOTRR,1.5Fin,4,1920,MetalSd,2,6,COD,C (all),68400
9808,CollgCr,1Story,5,2002,VinylSd,2,6,WD,RL,227000
8800,CollgCr,1Story,7,1977,HdBoard,2,5,WD,RL,150500
9400,Mitchel,2Story,5,1971,MetalSd,0,8,WD,RL,139000
9638,SWISU,1.5Fin,7,1919,Wd Sdng,1,10,WD,RL,169000
6000,BrkSide,1.5Fin,6,1939,MetalSd,1,6,WD,RM,132500
9790,NWAmes,1Story,5,1963,HdBoard,2,6,WD,RL,143000
5664,StoneBr,1Story,5,2000,CemntBd,2,5,WD,RL,278000
11065,NridgHt,2Story,5,2006,VinylSd,3,8,New,RL,281000
14112,NAmes,SLvl,7,1964,Wd Sdng,2,6,WD,RL,180500
8172,Edwards,1Story,7,1955,WdShing,2,5,WD,RL,115000
8400,NAmes,1Story,5,1968,HdBoard,1,5,WD,RL,138500
8700,NAmes,1Story,6,1963,MetalSd,2,6,WD,RL,155000
63887,Edwards,2Story,5,2008,Stucco,2,12,New,RL,160000
7500,NAmes,1Story,7,1959,BrkFace,1,6,WD,RL,154000
10762,Gilbert,2Story,5,1999,VinylSd,2,9,WD,RL,225000
7500,Crawfor,2Story,7,1942,Wd Sdng,1,7,WD,RL,177500
3363,Edwards,2Story,5,2004,VinylSd,2,7,WD,RM,130000
8072,CollgCr,1Story,5,1994,VinylSd,2,5,WD,RL,138000
12000,OldTown,1Story,7,1948,MetalSd,2,6,WD,RM,147000
7153,SawyerW,1Story,5,1991,HdBoard,2,6,WD,RL,179200
17500,Crawfor,1Story,8,1959,BrkFace,2,7,WD,RL,335000
8814,CollgCr,1Story,5,2005,VinylSd,2,6,New,RL,203000
9572,NoRidge,2Story,5,1990,Wd Sdng,2,9,WD,RL,302000
14774,NoRidge,2Story,5,1999,VinylSd,3,10,WD,RL,333168
8190,Edwards,1Story,6,1954,Wd Sdng,1,5,WD,RL,119000
11075,NAmes,2Story,5,1969,HdBoard,2,9,WD,RL,206900
10226,CollgCr,1Story,5,2008,VinylSd,3,8,WD,RL,295493
4230,Somerst,1Story,5,2006,VinylSd,2,5,New,FV,208900
8400,NAmes,1Story,3,1957,BrkFace,2,6,WD,RL,156500
9986,Somerst,1Story,5,2006,VinylSd,3,7,New,RL,147000
3636,IDOTRR,1Story,4,1922,AsbShng,0,5,WD,RM,55000
4270,Edwards,1Story,6,1931,MetalSd,0,6,WD,RH,79000
10440,OldTown,1.5Fin,7,1920,BrkFace,2,8,WD,RM,256000
9084,Gilbert,2Story,5,1998,VinylSd,2,8,WD,RL,176500
10000,Somerst,1Story,5,2006,VinylSd,3,7,WD,RL,227000
10780,CollgCr,SLvl,5,1976,MetalSd,2,6,WD,RL,132500
8877,Edwards,1Story,6,1938,MetalSd,1,3,WD,RL,100000
2368,BrDale,2Story,6,1970,HdBoard,2,7,WD,RM,125000
9246,NWAmes,1Story,5,1973,Plywood,2,8,WD,RL,135000
4118,OldTown,1Story,4,1941,Wd Sdng,0,4,WD,RM,52500
9560,CollgCr,1Story,7,1972,MetalSd,1,5,WD,RL,128500
8294,NAmes,1Story,5,1971,MetalSd,4,5,WD,RL,123000
13695,SawyerW,1Story,5,2003,VinylSd,2,6,WD,RL,155000
9375,CollgCr,2Story,5,2002,VinylSd,2,7,WD,RL,228500
7558,Crawfor,1.5Fin,6,1928,BrkFace,2,9,WD,RL,177000
11103,CollgCr,2Story,5,2006,VinylSd,2,8,New,RL,155835
6000,OldTown,1Story,4,1920,MetalSd,1,5,WD,RM,108500
20781,NWAmes,1Story,7,1968,BrkFace,2,9,WD,RL,262500
15306,Timber,1Story,5,2006,VinylSd,3,7,New,RL,283463
5250,OldTown,2Story,5,1872,MetalSd,0,8,WD,RM,122000
11643,NAmes,2Story,5,1969,MetalSd,4,12,WD,RL,200000
9247,NAmes,2Story,6,1962,HdBoard,2,8,WD,RL,171000
6000,BrkSide,1.5Fin,9,1937,MetalSd,2,4,WD,RM,134900
10316,CollgCr,2Story,5,2000,VinylSd,3,7,WD,RL,235000
10192,NWAmes,SLvl,6,1968,MetalSd,2,8,WD,RL,170000
9477,NAmes,1Story,5,1966,HdBoard,1,5,WD,RL,110000
12537,NAmes,1Story,6,1971,VinylSd,2,6,WD,RL,149900
16737,NridgHt,1Story,5,2004,VinylSd,3,8,WD,RL,315000
16158,StoneBr,1Story,5,2005,VinylSd,2,7,WD,RL,260000
3180,Somerst,2Story,5,2005,MetalSd,2,4,WD,FV,144152
9179,CollgCr,2Story,5,1999,VinylSd,2,7,WD,RL,193000
2665,MeadowV,2Story,6,1977,CemntBd,1,6,WD,RM,127000
4435,CollgCr,1Story,5,2003,VinylSd,2,4,WD,RM,144000
10635,CollgCr,1Story,5,2003,VinylSd,2,8,WD,RL,232000
9600,NAmes,SLvl,6,1955,AsbShng,1,8,WD,RL,165500
11400,NoRidge,1Story,5,2001,VinylSd,3,8,WD,RL,466500
10625,Somerst,2Story,5,2005,CemntBd,3,9,WD,FV,250000
10991,Timber,1Story,5,2007,VinylSd,3,7,New,RL,239000
10998,Edwards,1.5Fin,5,1941,Wd Sdng,2,6,WD,RL,117000
1953,BrDale,2Story,5,1973,HdBoard,1,5,WD,RM,83000
9735,Timber,SLvl,5,2006,VinylSd,2,7,WD,RL,167500
12925,NAmes,1Story,7,1970,BrkFace,2,7,WD,RL,237500
7200,OldTown,2Story,7,1920,Wd Sdng,2,8,WD,RM,157000
25339,Sawyer,1Story,7,1918,Wd Sdng,2,7,WD,RL,112000
5436,IDOTRR,1.5Fin,8,1922,VinylSd,1,7,WD,RM,125500
16692,NWAmes,2Story,5,1978,Plywood,2,12,WD,RL,250000
14892,Gilbert,1Story,5,2006,VinylSd,3,7,WD,RL,377500
7838,NAmes,SFoyer,5,1967,HdBoard,1,6,WD,RL,123000
10800,OldTown,1.5Fin,7,1905,Wd Sdng,2,7,WD,RM,163000
4045,Blmngtn,1Story,5,2006,VinylSd,3,6,New,RL,246578
12665,Timber,2Story,5,2005,VinylSd,3,9,WD,RL,281213
6120,BrkSide,2Story,8,1920,MetalSd,1,8,WD,RM,137500
7200,NAmes,1.5Fin,4,1950,VinylSd,1,7,WD,RL,138000
6171,SWISU,1.5Fin,6,1925,WdShing,1,7,WD,RL,137450
7415,Gilbert,2Story,5,2004,VinylSd,2,8,WD,RL,193000
6762,CollgCr,1Story,5,2006,VinylSd,2,6,New,RL,193879
10410,OldTown,1.5Fin,4,1915,Wd Sdng,3,6,WD,RL,105000
8445,CollgCr,SFoyer,7,1972,HdBoard,2,5,WD,RL,133000
7740,OldTown,2Story,7,1910,VinylSd,2,6,WD,RM,125500
12420,CollgCr,2Story,5,2001,VinylSd,2,6,WD,RL,230000
9600,NAmes,1.5Fin,8,1950,VinylSd,1,6,WD,RL,140000
10994,SawyerW,1Story,5,2005,VinylSd,2,7,COD,RL,257000
3635,Blmngtn,1Story,5,2007,VinylSd,3,7,WD,RL,175900
16545,NoRidge,2Story,5,1998,VinylSd,3,7,WD,RL,340000
16381,Crawfor,1Story,5,1969,Plywood,2,7,WD,RL,223000
11700,NWAmes,2Story,6,1968,HdBoard,2,7,WD,RL,179900
4043,NPkVill,1Story,5,1977,Plywood,2,4,WD,RL,127500
4435,CollgCr,1Story,5,2003,VinylSd,2,3,WD,RM,136500
19690,Edwards,SLvl,7,1966,Plywood,2,8,WD,RL,274970
9503,NAmes,1Story,5,1958,HdBoard,1,6,WD,RL,144000
10721,NAmes,1Story,6,1959,HdBoard,2,7,WD,RL,142000
10944,NoRidge,2Story,5,1994,VinylSd,2,5,WD,RL,271000
12546,NWAmes,1Story,7,1981,MetalSd,2,7,WD,RL,182900
21930,Gilbert,2Story,5,2005,VinylSd,2,7,WD,RL,192140
4928,NPkVill,1Story,6,1976,Plywood,2,5,WD,RL,143750
10800,OldTown,1Story,6,1927,Wd Sdng,1,5,WD,RL,64500
10261,Gilbert,2Story,5,2000,VinylSd,2,8,WD,RL,186500
8400,NAmes,1Story,9,1962,Wd Sdng,2,7,COD,RL,174000
11584,NWAmes,SLvl,6,1979,HdBoard,2,6,WD,RL,197000
11526,Crawfor,2.5Fin,7,1922,MetalSd,2,11,WD,RL,191000
4426,CollgCr,1Story,5,2004,VinylSd,2,3,WD,RM,149300
11003,Somerst,2Story,5,2008,VinylSd,3,10,WD,FV,310000
8854,BrkSide,1.5Unf,6,1916,Wd Sdng,1,4,WD,RL,121000
8400,Sawyer,SFoyer,5,1966,VinylSd,1,6,WD,RL,129000
26142,Mitchel,1Story,7,1962,HdBoard,1,6,WD,RL,157900
1533,MeadowV,SFoyer,7,1970,CemntBd,0,3,WD,RM,92000
9000,NAmes,2Story,5,1974,VinylSd,0,8,WD,RL,136000
9262,Somerst,1Story,5,2008,CemntBd,3,7,New,RL,287090
7500,Somerst,1Story,5,2004,VinylSd,2,6,WD,FV,185000
7917,Gilbert,2Story,5,1999,VinylSd,2,7,WD,RL,175000
13175,NWAmes,1Story,6,1978,Plywood,2,7,WD,RL,210000
9717,NAmes,1Story,6,1950,MetalSd,1,5,WD,RL,142125
26294.50467,SWISU,2.5Fin,5,2006.573332,Stone,3,10.570667,WD,RL,550149.3295
16175.04172,NridgHt,1Story,6.653694,1955.936836,VinylSd,3,9.653694,WD,RL,470014.1
14088.7108,NridgHt,2Story,5,2000.789182,VinylSd,3,9.723648,WD,RL,409874.6534
14420.48968,Sawyer,2Story,5,2007.16665,VinylSd,3,10.583325,New,RL,443143.8557
13104.36478,SWISU,2.5Fin,5,1997.831421,MetalSd,2.41653,10,Oth,RL,433657.1341
29029.92676,NoRidge,2Story,5,1999.000684,Plywood,3,10.61549,Oth,RL,612054.0953
13940.46948,NridgHt,2Story,5,2008,VinylSd,3,11.935754,New,RL,582035.7072
16908.98712,NoRidge,2Story,5.112619,1994.943691,VinylSd,3,8.943691,WD,RL,402943.6906
32957.8859,NoRidge,2Story,5,1996.665713,MetalSd,3,10.256264,WD,RL,619609.88
14035.73068,SawyerW,2Story,5,2006.558816,VinylSd,3,10.279408,New,RL,440870.2522
10833.22446,IDOTRR,2Story,5,2006.346044,VinylSd,3,10.307912,New,RL,425261.0297
14289.08431,NridgHt,2Story,5,1999.683673,VinylSd,3,9.585459,WD,RL,408561.8615
12530.03627,NridgHt,2.5Unf,5,2003.144294,Stone,2.742953,9.257047,Oth,RL,427028.1884
34941.50239,NoRidge,2Story,5,1995.523413,HdBoard,3,10,WD,RL,622181.6207
19477.09834,NridgHt,2.5Fin,7.797263,1924.77457,Wd Sdng,3,10.797263,WD,RM,472444.1849
14618.22893,NridgHt,2.5Fin,5,2001.269169,VinylSd,3,9,Oth,RL,398440.6046
12776.06445,NAmes,2.5Fin,5,2006,MetalSd,3,9.119689,New,RL,418870.5554
11943.26375,NAmes,2.5Fin,5,1995.843897,HdBoard,2.274564,10.274564,Oth,RL,428591.4863
11523.46113,Mitchel,2.5Fin,5,1997.999099,MetalSd,2.428507,10.428507,Oth,RL,427801.7586
15221.99288,NridgHt,1Story,5,2008,VinylSd,3,10.271438,WD,RL,558791.0363
14164.92524,NoRidge,1Story,5,2006,CemntBd,3,8.190685,New,RL,415906.4137
15242.87362,NridgHt,1Story,5,2008,VinylSd,3,10.24432,WD,RL,558412.295
14691.51412,NoRidge,2.5Unf,5,2000.385246,VinylSd,3,9,Oth,RL,399083.4572
11988.52995,NWAmes,2Story,5,2006.806509,VinylSd,3,9.386983,New,RL,425781.3547
13450.65561,SawyerW,2.5Unf,5,2002.728463,Stone,2.766319,10,New,RL,436728.2791
34988.83513,NoRidge,2Story,6.262334,1994.368833,VinylSd,3,8.368833,WD,RL,402368.8329
12796.06102,NoRidge,2.5Fin,5,2003.754348,VinylSd,3,9.180435,Oth,RL,458536.3926
29779.64951,SWISU,2.5Fin,5,2006.11564,Stone,3,10.753744,WD,RL,548593.1752
12593.18833,NoRidge,2.5Fin,5,1998.798968,MetalSd,2.453265,9.546735,Oth,RL,428186.9419
41652.14787,NoRidge,2Story,6.686061,1994.15697,VinylSd,3,8.15697,WD,RL,402156.9696
12742.1804,NoRidge,2.5Fin,5,2003.648045,VinylSd,3,9.134876,Oth,RL,458843.746
18590.54526,NridgHt,2Story,5,2005.206361,Stucco,3,11.570209,New,RL,591973.0005
19910.2551,OldTown,1Story,5,2007.411754,Stucco,3,10.235298,WD,RL,552999.9649
14639.87473,NridgHt,2.5Fin,5,2001.00809,VinylSd,3,9,Oth,RL,398630.48
14646.0873,NridgHt,2.5Fin,5,2000.933158,VinylSd,3,9,Oth,RL,398684.9763
11708.65754,NPkVill,2Story,5,2006.694961,VinylSd,3,9.610078,New,RL,425655.3061
14248.69289,NridgHt,2.5Fin,5,2005.207452,MetalSd,3,8.528365,Oth,RL,414558.8172
20494.40875,NridgHt,2Story,5,2004.074612,Stone,3,11.396094,Oth,RL,595635.2542
14478.91524,NridgHt,2.5Unf,5,2008,VinylSd,3,11.236474,Oth,RL,572269.2101
42581.69477,SawyerW,2.5Unf,5,2004.43439,MetalSd,3,11.426244,WD,RL,542876.9256
14386.66048,NridgHt,2.5Unf,5,2004.018869,Stone,2.751179,10.751179,New,RL,442214.9264
15295.56703,NridgHt,1Story,5,2008,VinylSd,3,10.175887,WD,RL,557456.5254
13762.16663,NridgHt,2Story,5,2002.590805,VinylSd,3,9.948851,WD,RL,412014.0807
24927.78251,NoRidge,2Story,5.761492,1994.238508,HdBoard,3,10,WD,RL,723993.9033
13854.70958,NridgHt,2.5Unf,5,2003.656337,Stucco,3,9.562442,WD,RL,413112.1436
13959.22876,NridgHt,2Story,5,2008,VinylSd,3,11.911391,New,RL,581695.4454
15132.12751,NoRidge,2Story,5,1995.070831,VinylSd,3,9,WD,RL,402948.4869
13956.69618,NridgHt,2Story,5,2008,VinylSd,3,11.91468,New,RL,581741.3822
10003.90544,CollgCr,2Story,5,2005.800265,VinylSd,2.985733,10.985733,New,RL,424943.1884
19156.41746,NoRidge,2Story,5.68883,1998.356378,Plywood,3,10.62234,Oth,RL,701457.9329
14124.79521,NridgHt,2.5Fin,5,2005.435661,VinylSd,3,9.188113,New,RL,398291.9774
36317.28392,NoRidge,2Story,6.346811,1994.326594,VinylSd,3,8.326594,WD,RL,402326.5943
14706.01476,OldTown,2Story,5,2007.617717,VinylSd,3,10.808858,New,RL,444831.0698
14546.1098,NridgHt,2.5Fin,5,2002.139027,VinylSd,3,9,Oth,RL,397807.9807
43743.23606,Somerst,2Story,5,2004.232015,HdBoard,3,12,WD,RL,549071.6282
14404.03004,NridgHt,2.5Fin,5,2003.852708,VinylSd,3,9,New,RL,396561.667
14365.92744,NridgHt,2Story,5,2007.940054,VinylSd,3,12,New,RL,582394.2901
31858.64502,NoRidge,2Story,5,1997.319156,MetalSd,3,10.356793,WD,RL,617495.3907
42813.49553,NoRidge,2Story,6.759912,1994.120044,VinylSd,3,8.120044,WD,RL,402120.044
14823.35274,NridgHt,2.5Fin,5,2008,VinylSd,3,10.789152,Oth,RL,566021.6953
49121.80826,Somerst,2Story,5,2003.575499,HdBoard,3,11.769801,WD,RL,539956.6953
24328.78957,SWISU,2Story,5,2006.68253,Stone,3,12,Oth,RL,571093.4221
53483.30393,StoneBr,2Story,5,2003.002718,CemntBd,3,11.998913,WD,RL,538009.241
11070.41254,IDOTRR,2.5Unf,5,2000.324981,Plywood,2.594642,10.594642,Oth,RL,426949.4889
35639.50375,Sawyer,2Story,5,2005.254878,Plywood,3,12,Oth,RL,558263.6864
14558.91599,NridgHt,2.5Unf,5,2008,VinylSd,3,11.132577,Oth,RL,570818.1316
14309.55646,NridgHt,2.5Unf,5,2006.740388,VinylSd,3,10.460166,New,RL,449902.8994
14613.88178,NoRidge,2Story,5,1997.891687,VinylSd,3,9.361461,WD,RL,406433.878
29658.92594,NoRidge,2Story,5,1998.626776,MetalSd,3,10.557966,Oth,RL,613264.0321
12901.72369,NridgHt,2.5Fin,5,1994.96579,CemntBd,2.211842,10,WD,RL,431859.9737
16352.45505,NridgHt,2Story,5.702052,1987.640492,VinylSd,3,11.175513,New,RL,451305.0682
12920.04789,NoRidge,1Story,5,1993.617361,CemntBd,2.101085,10.101085,WD,RL,431643.7441
20579.66752,NoRidge,2Story,5.875022,1995.749693,MetalSd,3,10.249956,WD,RL,733495.3959
13521.84487,Somerst,2Story,5,2003.73518,Stucco,2.838227,10,New,RL,437359.6343
16085.75155,NridgHt,1Story,6.622771,1956.779488,VinylSd,3,9.622771,WD,RL,469948.3886
34240.31063,NoRidge,2Story,5,1995.903377,HdBoard,3,10.138981,WD,RL,622076.74
14492.97132,NridgHt,2.5Fin,5,2002.779951,VinylSd,3,9,Oth,RL,397341.8537
10637.99943,Edwards,2Story,5,2006,Stucco,3,10.549833,New,RL,423433.6677
16129.35101,NridgHt,2Story,5.590528,1990.874692,VinylSd,3,11.147632,New,RL,450503.7951
25480.45653,NoRidge,2Story,5.722639,1994.277361,HdBoard,3,10,WD,RL,718943.1038
21103.82654,NridgHt,2Story,5,2003.712344,Stone,3,11.340361,Oth,RL,596807.5244
11798.97552,NPkVill,2Story,5,2006.730959,VinylSd,3,9.538082,New,RL,425695.9834
14001.65038,NridgHt,2.5Unf,5,2001.288301,Plywood,2.580519,10.580519,Oth,RL,439439.816
13766.88859,NoRidge,1Story,5.819702,1978.663129,VinylSd,3,8.819702,WD,RL,468241.8661
20257.69827,NoRidge,2Story,5.832901,1996.33938,MetalSd,3,10.334197,WD,RL,726247.8444
32691.65617,NoRidge,2Story,5,1996.962146,MetalSd,3,10,WD,RL,614434.5975
31949.31263,NoRidge,2.5Unf,6.095282,1999.428305,VinylSd,3,8.452359,Oth,RL,398833.4885
13650.72644,StoneBr,2Story,5,2005.557748,VinylSd,2.968411,10,New,RL,438502.6446
12670.07793,NoRidge,1Story,5,1993.508399,CemntBd,2.10056,9.89944,WD,RL,429597.7603
15841.23429,NridgHt,1Story,6.53809,1959.087053,VinylSd,3,9.53809,WD,RL,469768.4408
14107.83012,NridgHt,2Story,5,2007.871106,VinylSd,3,11.98017,New,RL,583350.0923
14039.42303,NridgHt,2.5Unf,5,2004.383555,Plywood,3,9.07763,Oth,RL,413790.3958
14334.23721,NridgHt,1Story,5,2004.694507,VinylSd,3,9,New,RL,395949.4492
13305.6268,Sawyer,2.5Unf,5,2000.677551,Plywood,2.619825,10,Oth,RL,435442.0639
10547.43175,Crawfor,2Story,5,2006,Stucco,3,10.610414,New,RL,423626.9595
15209.62985,NridgHt,1Story,5,2008,VinylSd,3,10.287494,WD,RL,559015.2808
27739.72629,NoRidge,2Story,5,1999.767642,Plywood,3,10.733483,Oth,RL,609572.2779
14474.45458,NridgHt,2Story,5,2007.653166,VinylSd,3,11.946641,New,RL,584055.3277
12090.41959,NWAmes,2Story,5,2006.847118,VinylSd,3,9.305764,New,RL,425827.2436
12223.41084,NoRidge,2Story,5,2006.900124,VinylSd,3,9.199752,New,RL,425887.14
14231.91846,NridgHt,1Story,5,2005.928615,VinylSd,3,9,New,RL,395051.9163
12621.11044,NoRidge,2.5Fin,5,1996.877722,HdBoard,2.325181,9.674819,Oth,RL,428699.2742
14299.57002,NridgHt,1Story,5,2006,CemntBd,3,8.100622,New,RL,415619.0515
14512.44455,SWISU,2Story,5,2007.311919,VinylSd,3,10.655959,New,RL,443687.232
14276.44227,NridgHt,1Story,5,2006,CemntBd,3,8.116092,New,RL,415668.4113
14221.35352,NridgHt,2Story,5,2007.803622,VinylSd,3,11.969788,New,RL,583568.4649
13729.90837,NridgHt,2Story,5,2002.768781,VinylSd,3,9.971098,WD,RL,412225.4279
21019.45545,NridgHt,2Story,5,2003.762498,Stone,3,11.348077,Oth,RL,596645.229
17445.27248,NridgHt,2.5Unf,6.248324,1971.798599,VinylSd,3,11.312081,Oth,RL,455229.897
23923.96213,NridgHt,2Story,5,2002.035918,Stone,3,11.082449,Oth,RL,602232.3103
13741.93997,NridgHt,2Story,5,2002.7024,VinylSd,3,9.9628,WD,RL,412146.6002
29875.97855,NoRidge,2Story,5.413639,1994.586361,HdBoard,3,10,WD,RL,678773.131
10287.24686,Crawfor,2Story,5,2004.345634,Stucco,2.881831,10.881831,New,RL,425476.207
14540.52815,SWISU,2Story,5,2007.356285,VinylSd,3,10.678142,New,RL,443853.1826
35237.92887,NoRidge,2Story,5,1995.310345,HdBoard,3,10.047745,WD,RL,623995.7489
12686.91244,NoRidge,1Story,5,1992.350062,BrkFace,2.023337,9.976663,WD,RL,429906.6502
16392.39723,NridgHt,2Story,5.722018,1987.061475,VinylSd,3,11.180505,New,RL,451448.5196
14372.67152,NridgHt,1Story,5,2005.695557,HdBoard,3,8.202962,New,RL,415014.0563
31032.75146,NoRidge,2Story,5,1997.810107,MetalSd,3,10.432324,WD,RL,615906.7098
19412.91383,NoRidge,2Story,5.722385,1997.886605,MetalSd,3,10.555229,Oth,RL,707231.6849
10645.50729,Edwards,2.5Unf,5,2002.50638,Stone,2.750456,10.750456,New,RL,426150.1622
14843.49109,NoRidge,2.5Unf,5,1998.552191,VinylSd,3,9,Oth,RL,400416.5885
14953.69152,NoRidge,2.5Unf,5,1997.223019,VinylSd,3,9,WD,RL,401383.259
12349.03528,NoRidge,2.5Fin,5,2002.872392,VinylSd,3,8.802454,Oth,RL,461086.3796
11112.80871,MeadowV,2Story,5,2006.457477,VinylSd,3,10.085047,New,RL,425386.9485
12502.54057,NridgHt,2Story,5,2005.036199,Stucco,2.86908,9.13092,New,RL,426523.6801
18083.58949,NoRidge,2Story,5.548481,2000.321265,Plywood,3,10.903038,Oth,RL,677308.4965
12126.88497,NPkVill,2.5Fin,5,1994.901214,CemntBd,2.20723,10.20723,WD,RL,428936.9123
14492.06134,NridgHt,2.5Fin,5,2002.790927,VinylSd,3,9,Oth,RL,397333.8714
11899.27269,NoRidge,1Story,5.172908,1996.288249,VinylSd,3,8.172908,WD,RL,466867.4301
14568.32667,NridgHt,2.5Unf,5,2008,VinylSd,3,11.120355,Oth,RL,570647.4378
